FlowID,SrcAddr,DstAddr,TxPackets,RxPackets,LostPackets,PDR_pct,Throughput_kbps,AvgDelay_ms,AvgJitter_ms
1,10.1.0.54,10.1.0.156,253,253,0,100.00,4.23,1.81,2.26
2,10.1.0.78,10.1.0.160,253,252,1,99.60,4.22,5.30,9.25
3,10.1.0.100,10.1.0.155,253,253,0,100.00,4.23,1.49,1.64
4,10.1.0.82,10.1.0.151,253,253,0,100.00,4.23,0.88,0.39
5,10.1.0.26,10.1.0.158,253,253,0,100.00,4.23,0.71,0.07
6,10.1.0.23,10.1.0.155,253,253,0,100.00,4.23,0.82,0.28
7,10.1.0.90,10.1.0.165,253,251,2,99.21,4.20,13.35,11.49
8,10.1.0.41,10.1.0.156,253,253,0,100.00,4.23,3.65,5.96
9,10.1.0.123,10.1.0.164,253,253,0,100.00,4.23,0.68,0.03
10,10.1.0.97,10.1.0.161,252,252,0,100.00,4.23,4.90,8.47
11,10.1.0.139,10.1.0.151,252,252,0,100.00,4.23,0.71,0.08
12,10.1.0.118,10.1.0.153,252,252,0,100.00,4.23,0.76,0.13
13,10.1.0.43,10.1.0.151,252,252,0,100.00,4.23,3.87,6.39
14,10.1.0.128,10.1.0.151,252,252,0,100.00,4.23,1.05,0.75
15,10.1.0.138,10.1.0.163,252,252,0,100.00,4.23,0.68,0.02
16,10.1.0.16,10.1.0.161,252,252,0,100.00,4.23,0.69,0.04
17,10.1.0.46,10.1.0.155,252,252,0,100.00,4.23,6.07,10.84
18,10.1.0.4,10.1.0.109,4,4,0,100.00,0.01,257.25,337.00
19,10.1.0.4,10.1.0.165,8,8,0,100.00,0.02,377.12,287.29
20,10.1.0.76,10.1.0.109,3,3,0,100.00,0.01,342.67,513.50
21,10.1.0.76,10.1.0.165,2,2,0,100.00,0.77,2.00,3.00
22,10.1.0.124,10.1.0.156,252,252,0,100.00,4.23,0.98,0.61
23,10.1.0.83,10.1.0.161,252,252,0,100.00,4.23,0.83,0.33
24,10.1.0.85,10.1.0.162,252,251,1,99.60,4.22,1.14,0.85
25,10.1.0.45,10.1.0.151,252,252,0,100.00,4.23,0.81,0.27
26,10.1.0.91,10.1.0.153,251,251,0,100.00,4.23,0.74,0.14
27,10.1.0.76,10.1.0.30,2,2,0,100.00,0.01,14.00,27.00
28,10.1.0.109,10.1.0.4,8,8,0,100.00,0.02,6.25,5.14
29,10.1.0.109,10.1.0.90,4,4,0,100.00,1.51,5.00,3.33
30,10.1.0.30,10.1.0.76,2,2,0,100.00,0.01,3.00,4.00
31,10.1.0.30,10.1.0.109,1,1,0,100.00,0.38,1002.00,0.00
32,10.1.0.109,10.1.0.76,7,7,0,100.00,0.01,6.00,6.50
33,10.1.0.92,10.1.0.162,251,251,0,100.00,4.23,1.82,0.48
34,10.1.0.53,10.1.0.92,1,1,0,100.00,220.52,1.00,0.00
35,10.1.0.53,10.1.0.162,25,25,0,100.00,0.04,3.56,2.58
36,10.1.0.119,10.1.0.92,1,1,0,100.00,39.13,9.00,0.00
37,10.1.0.119,10.1.0.162,4,4,0,100.00,0.13,7.50,6.33
38,10.1.0.109,10.1.0.92,1,1,0,100.00,0.40,968.00,0.00
39,10.1.0.109,10.1.0.162,14,14,0,100.00,0.02,12.79,9.69
40,10.1.0.92,10.1.0.53,10,10,0,100.00,0.01,5.30,7.56
41,10.1.0.92,10.1.0.119,3,3,0,100.00,0.00,7.00,6.00
42,10.1.0.72,10.1.0.158,251,249,2,99.20,4.20,1.08,0.79
43,10.1.0.76,10.1.0.161,251,251,0,100.00,4.23,1.17,0.90
44,10.1.0.136,10.1.0.155,251,250,1,99.60,4.22,1.77,1.97
45,10.1.0.6,10.1.0.151,251,251,0,100.00,4.23,0.74,0.11
46,10.1.0.69,10.1.0.162,251,251,0,100.00,4.23,2.54,0.21
47,10.1.0.92,10.1.0.69,1,1,0,100.00,38.78,9.00,0.00
48,10.1.0.105,10.1.0.164,251,251,0,100.00,4.23,3.71,6.07
49,10.1.0.1,10.1.0.162,251,251,0,100.00,4.23,1.70,0.23
50,10.1.0.109,10.1.0.1,2,2,0,100.00,0.01,4.00,0.00
51,10.1.0.53,10.1.0.1,1,1,0,100.00,56.86,6.00,0.00
52,10.1.0.84,10.1.0.1,2,2,0,100.00,0.01,501.50,1000.00
53,10.1.0.84,10.1.0.162,6,6,0,100.00,0.01,5.67,4.60
54,10.1.0.1,10.1.0.109,6,6,0,100.00,0.01,2.50,1.60
55,10.1.0.1,10.1.0.53,1,1,0,100.00,24.63,9.00,0.00
56,10.1.0.62,10.1.0.154,251,251,0,100.00,4.23,0.73,0.11
57,10.1.0.108,10.1.0.158,250,250,0,100.00,4.23,0.69,0.03
58,10.1.0.103,10.1.0.151,250,250,0,100.00,4.23,0.79,0.24
59,10.1.0.11,10.1.0.152,250,250,0,100.00,4.23,0.70,0.05
60,10.1.0.30,10.1.0.161,250,250,0,100.00,4.23,0.70,0.05
61,10.1.0.92,10.1.0.109,1,1,0,100.00,27.56,8.00,0.00
62,10.1.0.59,10.1.0.156,250,250,0,100.00,4.23,1.32,1.29
63,10.1.0.135,10.1.0.151,250,250,0,100.00,4.23,0.73,0.11
64,10.1.0.109,10.1.0.162,250,250,0,100.00,4.23,0.73,0.13
65,10.1.0.67,10.1.0.161,250,250,0,100.00,4.23,4.17,7.03
66,10.1.0.56,10.1.0.153,250,250,0,100.00,4.23,0.82,0.27
67,10.1.0.1,10.1.0.84,2,2,0,100.00,0.01,3.00,1.00
68,10.1.0.68,10.1.0.153,249,249,0,100.00,4.23,0.69,0.04
69,10.1.0.17,10.1.0.155,249,249,0,100.00,4.23,1.12,0.90
70,10.1.0.133,10.1.0.165,249,249,0,100.00,4.23,3.61,0.58
71,10.1.0.90,10.1.0.133,1,1,0,100.00,104.90,3.00,0.00
72,10.1.0.90,10.1.0.109,4,4,0,100.00,0.01,1.50,1.67
73,10.1.0.71,10.1.0.162,249,249,0,100.00,4.23,1.69,0.19
74,10.1.0.92,10.1.0.71,1,1,0,100.00,42.16,9.00,0.00
75,10.1.0.53,10.1.0.71,1,1,0,100.00,39.08,9.00,0.00
76,10.1.0.119,10.1.0.71,1,1,0,100.00,27.26,14.00,0.00
77,10.1.0.69,10.1.0.71,1,1,0,100.00,25.43,15.00,0.00
78,10.1.0.69,10.1.0.92,3,3,0,100.00,0.12,20.00,16.50
79,10.1.0.71,10.1.0.53,5,5,0,100.00,0.01,12.20,8.00
80,10.1.0.71,10.1.0.119,3,3,0,100.00,0.00,9.67,2.50
81,10.1.0.58,10.1.0.156,249,249,0,100.00,4.23,1.66,1.85
82,10.1.0.93,10.1.0.154,249,249,0,100.00,4.23,0.69,0.06
83,10.1.0.52,10.1.0.154,248,248,0,100.00,4.23,1.40,1.15
84,10.1.0.39,10.1.0.155,248,248,0,100.00,4.23,0.97,0.57
85,10.1.0.66,10.1.0.159,248,248,0,100.00,4.23,0.81,0.29
86,10.1.0.14,10.1.0.154,248,248,0,100.00,4.23,0.71,0.06
87,10.1.0.150,10.1.0.151,248,248,0,100.00,4.23,0.71,0.08
88,10.1.0.61,10.1.0.155,248,247,1,99.60,4.22,1.24,1.11
89,10.1.0.87,10.1.0.158,248,248,0,100.00,4.23,0.97,0.60
90,10.1.0.147,10.1.0.152,248,246,2,99.19,4.20,1.18,1.00
91,10.1.0.35,10.1.0.161,248,247,1,99.60,4.22,1.06,0.73
92,10.1.0.29,10.1.0.154,248,248,0,100.00,4.23,0.71,0.08
93,10.1.0.64,10.1.0.158,248,248,0,100.00,4.23,1.08,0.83
94,10.1.0.37,10.1.0.153,247,247,0,100.00,4.23,0.87,0.37
95,10.1.0.49,10.1.0.155,247,247,0,100.00,4.23,1.31,1.22
96,10.1.0.121,10.1.0.156,247,246,1,99.60,4.22,10.38,17.25
97,10.1.0.126,10.1.0.152,247,244,3,98.79,4.18,7.18,10.23
98,10.1.0.81,10.1.0.151,247,246,1,99.60,4.22,0.82,0.29
99,10.1.0.117,10.1.0.159,247,247,0,100.00,4.23,0.72,0.08
100,10.1.0.36,10.1.0.164,247,247,0,100.00,4.23,4.91,8.44
101,10.1.0.137,10.1.0.155,247,247,0,100.00,4.23,1.36,1.33
102,10.1.0.10,10.1.0.158,247,247,0,100.00,4.23,0.88,0.38
103,10.1.0.20,10.1.0.164,247,247,0,100.00,4.23,0.81,0.27
104,10.1.0.28,10.1.0.164,247,247,0,100.00,4.23,4.49,7.68
105,10.1.0.146,10.1.0.154,246,246,0,100.00,4.23,0.73,0.09
106,10.1.0.60,10.1.0.160,246,246,0,100.00,4.23,0.74,0.11
107,10.1.0.3,10.1.0.156,246,243,3,98.78,4.18,6.46,11.32
108,10.1.0.112,10.1.0.155,246,246,0,100.00,4.23,1.80,2.23
109,10.1.0.95,10.1.0.156,246,246,0,100.00,4.23,4.52,7.72
110,10.1.0.77,10.1.0.152,246,246,0,100.00,4.23,0.76,0.17
111,10.1.0.47,10.1.0.155,246,246,0,100.00,4.23,1.22,1.04
112,10.1.0.19,10.1.0.164,245,245,0,100.00,4.24,0.78,0.23
113,10.1.0.132,10.1.0.159,245,245,0,100.00,4.24,0.68,0.02
114,10.1.0.94,10.1.0.153,245,245,0,100.00,4.24,0.85,0.34
115,10.1.0.15,10.1.0.152,245,243,2,99.18,4.20,0.91,0.45
116,10.1.0.44,10.1.0.158,245,245,0,100.00,4.24,0.71,0.06
117,10.1.0.115,10.1.0.158,245,245,0,100.00,4.24,0.86,0.39
118,10.1.0.63,10.1.0.159,245,245,0,100.00,4.24,1.27,1.18
119,10.1.0.129,10.1.0.156,245,245,0,100.00,4.24,1.88,2.43
120,10.1.0.104,10.1.0.162,245,245,0,100.00,4.24,0.77,0.19
121,10.1.0.84,10.1.0.162,245,245,0,100.00,4.24,0.67,0.02
122,10.1.0.145,10.1.0.157,245,245,0,100.00,4.24,1.12,0.88
123,10.1.0.134,10.1.0.155,244,244,0,100.00,4.24,0.93,0.48
124,10.1.0.31,10.1.0.155,244,244,0,100.00,4.24,2.12,1.03
125,10.1.0.131,10.1.0.31,5,5,0,100.00,0.01,209.20,251.25
126,10.1.0.131,10.1.0.155,8,4,4,50.00,0.01,86.75,40.00
127,10.1.0.80,10.1.0.31,3,3,0,100.00,0.01,14.33,21.00
128,10.1.0.80,10.1.0.155,18,17,1,94.44,0.03,22.82,24.75
129,10.1.0.112,10.1.0.31,6,6,0,100.00,0.01,9.83,11.20
130,10.1.0.112,10.1.0.155,52,52,0,100.00,0.10,24.94,26.08
131,10.1.0.49,10.1.0.31,12,12,0,100.00,0.02,13.42,18.91
132,10.1.0.49,10.1.0.155,54,53,1,98.15,0.08,22.66,22.04
133,10.1.0.121,10.1.0.31,13,13,0,100.00,0.02,23.08,38.25
134,10.1.0.121,10.1.0.155,15,15,0,100.00,0.03,32.20,40.79
135,10.1.0.134,10.1.0.31,4,4,0,100.00,0.01,32.50,9.67
136,10.1.0.134,10.1.0.155,17,17,0,100.00,0.03,16.29,14.69
137,10.1.0.116,10.1.0.31,20,13,7,65.00,0.02,17.08,23.25
138,10.1.0.116,10.1.0.155,9,9,0,100.00,0.02,137.00,149.00
139,10.1.0.12,10.1.0.31,8,8,0,100.00,0.02,28.12,39.14
140,10.1.0.12,10.1.0.155,37,37,0,100.00,0.07,39.97,39.67
141,10.1.0.47,10.1.0.31,2,1,1,50.00,13.32,28.00,0.00
142,10.1.0.47,10.1.0.155,23,23,0,100.00,0.04,22.70,17.18
143,10.1.0.39,10.1.0.31,6,4,2,66.67,0.01,508.25,334.33
144,10.1.0.39,10.1.0.155,21,21,0,100.00,0.04,11.90,10.60
145,10.1.0.137,10.1.0.31,4,0,4,0.00,0.00,0.00,0.00
146,10.1.0.137,10.1.0.155,15,15,0,100.00,0.03,25.40,29.79
147,10.1.0.31,10.1.0.49,22,20,2,90.91,0.03,25.30,23.89
148,10.1.0.31,10.1.0.80,10,9,1,90.00,0.02,13.33,11.25
149,10.1.0.31,10.1.0.112,36,36,0,100.00,0.06,21.83,24.43
150,10.1.0.31,10.1.0.134,5,5,0,100.00,0.01,18.40,18.25
151,10.1.0.31,10.1.0.121,11,11,0,100.00,0.02,29.18,26.20
152,10.1.0.31,10.1.0.12,6,6,0,100.00,0.01,40.50,80.20
153,10.1.0.31,10.1.0.47,5,5,0,100.00,0.01,24.60,19.25
154,10.1.0.149,10.1.0.154,244,244,0,100.00,4.24,0.70,0.09
155,10.1.0.21,10.1.0.158,244,244,0,100.00,4.24,0.78,0.21
156,10.1.0.110,10.1.0.157,244,241,3,98.77,4.18,0.93,0.46
157,10.1.0.7,10.1.0.156,244,244,0,100.00,4.24,6.90,12.03
158,10.1.0.119,10.1.0.162,244,244,0,100.00,4.24,0.87,0.42
159,10.1.0.4,10.1.0.161,244,244,0,100.00,4.24,1.29,1.23
160,10.1.0.38,10.1.0.158,244,244,0,100.00,4.24,0.88,0.42
161,10.1.0.86,10.1.0.163,244,244,0,100.00,4.24,0.68,0.03
162,10.1.0.141,10.1.0.164,243,243,0,100.00,4.24,0.86,0.36
163,10.1.0.22,10.1.0.152,243,243,0,100.00,4.24,0.68,0.03
164,10.1.0.80,10.1.0.155,243,243,0,100.00,4.24,0.75,0.14
165,10.1.0.125,10.1.0.163,243,243,0,100.00,4.24,0.68,0.02
166,10.1.0.142,10.1.0.152,243,243,0,100.00,4.24,0.74,0.10
167,10.1.0.65,10.1.0.153,243,243,0,100.00,4.24,0.84,0.36
168,10.1.0.31,10.1.0.131,8,8,0,100.00,0.02,8.50,13.86
169,10.1.0.75,10.1.0.157,243,243,0,100.00,4.24,1.03,0.72
170,10.1.0.101,10.1.0.158,243,243,0,100.00,4.24,0.73,0.12
171,10.1.0.144,10.1.0.163,243,243,0,100.00,4.24,0.69,0.02
172,10.1.0.116,10.1.0.156,243,242,1,99.59,4.22,1.46,1.39
173,10.1.0.18,10.1.0.159,243,243,0,100.00,4.24,0.73,0.08
174,10.1.0.74,10.1.0.159,243,243,0,100.00,4.24,0.81,0.26
175,10.1.0.53,10.1.0.162,243,243,0,100.00,4.24,0.70,0.09
176,10.1.0.89,10.1.0.161,243,243,0,100.00,4.24,1.60,1.66
177,10.1.0.13,10.1.0.159,243,243,0,100.00,4.24,0.72,0.07
178,10.1.0.32,10.1.0.161,243,243,0,100.00,4.24,5.14,8.68
179,10.1.0.50,10.1.0.158,243,243,0,100.00,4.24,0.95,0.42
180,10.1.0.70,10.1.0.164,243,243,0,100.00,4.24,4.74,8.16
181,10.1.0.113,10.1.0.154,243,243,0,100.00,4.24,0.72,0.08
182,10.1.0.148,10.1.0.155,243,243,0,100.00,4.24,1.33,1.32
183,10.1.0.122,10.1.0.161,243,243,0,100.00,4.24,1.50,1.65
184,10.1.0.99,10.1.0.156,243,243,0,100.00,4.24,1.67,1.92
185,10.1.0.42,10.1.0.165,242,242,0,100.00,4.24,0.72,0.11
186,10.1.0.8,10.1.0.162,242,242,0,100.00,4.24,0.90,0.28
187,10.1.0.104,10.1.0.8,2,0,2,0.00,0.00,0.00,0.00
188,10.1.0.104,10.1.0.162,4,4,0,100.00,0.01,4.25,6.00
189,10.1.0.84,10.1.0.8,4,0,4,0.00,0.00,0.00,0.00
190,10.1.0.162,10.1.0.8,1,0,1,0.00,0.00,0.00,0.00
191,10.1.0.57,10.1.0.8,2,2,0,100.00,0.00,7.50,14.00
192,10.1.0.57,10.1.0.162,4,4,0,100.00,0.01,9.00,11.33
193,10.1.0.109,10.1.0.8,5,5,0,100.00,0.01,20.40,22.00
194,10.1.0.1,10.1.0.4,1,1,0,100.00,72.59,5.00,0.00
195,10.1.0.4,10.1.0.16,6,6,0,100.00,0.01,2.50,2.40
196,10.1.0.8,10.1.0.57,3,3,0,100.00,0.01,5.67,4.00
197,10.1.0.8,10.1.0.109,5,5,0,100.00,0.01,12.80,18.25
198,10.1.0.16,10.1.0.8,4,3,1,75.00,0.01,13.67,8.50
199,10.1.0.40,10.1.0.160,242,242,0,100.00,4.24,0.71,0.08
200,10.1.0.51,10.1.0.153,242,242,0,100.00,4.24,0.72,0.09
201,10.1.0.79,10.1.0.156,242,242,0,100.00,4.24,1.09,0.53
202,10.1.0.33,10.1.0.157,242,242,0,100.00,4.24,0.69,0.04
203,10.1.0.25,10.1.0.151,242,242,0,100.00,4.24,0.76,0.19
204,10.1.0.55,10.1.0.153,242,242,0,100.00,4.24,0.68,0.02
205,10.1.0.57,10.1.0.162,241,241,0,100.00,4.24,0.81,0.30
206,10.1.0.106,10.1.0.165,241,241,0,100.00,4.24,0.74,0.14
207,10.1.0.130,10.1.0.161,241,241,0,100.00,4.24,0.75,0.14
208,10.1.0.2,10.1.0.162,241,241,0,100.00,4.24,1.88,0.60
209,10.1.0.92,10.1.0.2,1,1,0,100.00,31.09,12.00,0.00
210,10.1.0.53,10.1.0.2,1,1,0,100.00,16.92,22.00,0.00
211,10.1.0.1,10.1.0.2,1,0,1,0.00,0.00,0.00,0.00
212,10.1.0.71,10.1.0.2,1,1,0,100.00,75.75,5.00,0.00
213,10.1.0.109,10.1.0.2,1,0,1,0.00,0.00,0.00,0.00
214,10.1.0.69,10.1.0.2,1,0,1,0.00,0.00,0.00,0.00
215,10.1.0.119,10.1.0.2,1,0,1,0.00,0.00,0.00,0.00
216,10.1.0.24,10.1.0.154,241,241,0,100.00,4.24,0.72,0.07
217,10.1.0.2,10.1.0.53,4,4,0,100.00,0.01,5.00,5.00
218,10.1.0.48,10.1.0.151,241,241,0,100.00,4.24,1.29,1.24
219,10.1.0.111,10.1.0.156,241,241,0,100.00,4.24,1.05,0.70
220,10.1.0.34,10.1.0.158,240,239,1,99.58,4.22,0.70,0.05
221,10.1.0.88,10.1.0.156,240,237,3,98.75,4.18,1.76,2.10
222,10.1.0.73,10.1.0.160,240,240,0,100.00,4.24,1.08,0.77
223,10.1.0.102,10.1.0.161,240,239,1,99.58,4.22,1.18,0.97
224,10.1.0.12,10.1.0.155,240,240,0,100.00,4.24,1.14,0.95
225,10.1.0.131,10.1.0.156,240,239,1,99.58,4.22,11.67,21.50
226,10.1.0.143,10.1.0.151,240,240,0,100.00,4.24,1.04,0.56
227,10.1.0.5,10.1.0.151,240,240,0,100.00,4.24,0.92,0.49
228,10.1.0.140,10.1.0.158,240,240,0,100.00,4.24,3.10,4.79
229,10.1.0.96,10.1.0.165,239,239,0,100.00,4.24,3.87,1.03
230,10.1.0.90,10.1.0.96,1,1,0,100.00,40.47,9.00,0.00
231,10.1.0.133,10.1.0.96,1,1,0,100.00,58.91,6.00,0.00
232,10.1.0.133,10.1.0.90,1,1,0,100.00,217.26,1.00,0.00
233,10.1.0.9,10.1.0.153,239,239,0,100.00,4.24,0.74,0.13
234,10.1.0.127,10.1.0.162,239,239,0,100.00,4.24,1.72,0.21
235,10.1.0.2,10.1.0.127,1,1,0,100.00,0.38,1001.00,0.00
236,10.1.0.92,10.1.0.127,1,1,0,100.00,17.15,22.00,0.00
237,10.1.0.53,10.1.0.127,1,1,0,100.00,37.04,10.00,0.00
238,10.1.0.1,10.1.0.127,1,1,0,100.00,21.90,17.00,0.00
239,10.1.0.71,10.1.0.127,1,1,0,100.00,13.36,28.00,0.00
240,10.1.0.109,10.1.0.127,1,1,0,100.00,29.09,13.00,0.00
241,10.1.0.119,10.1.0.127,1,1,0,100.00,1.23,312.00,0.00
242,10.1.0.69,10.1.0.127,1,1,0,100.00,9.16,41.00,0.00
243,10.1.0.127,10.1.0.53,3,3,0,100.00,0.00,15.67,9.00
244,10.1.0.127,10.1.0.109,1,1,0,100.00,16.13,14.00,0.00
245,10.1.0.107,10.1.0.154,239,239,0,100.00,4.24,0.67,0.02
246,10.1.0.120,10.1.0.163,239,239,0,100.00,4.24,0.68,0.03
247,10.1.0.27,10.1.0.158,239,237,2,99.16,4.20,9.37,17.43
248,10.1.0.127,10.1.0.119,3,3,0,100.00,0.00,10.00,10.00
249,10.1.0.114,10.1.0.152,239,237,2,99.16,4.20,2.46,2.97
250,10.1.0.98,10.1.0.158,239,238,1,99.58,4.22,0.77,0.21
251,10.1.0.67,10.1.0.89,18,18,0,100.00,0.03,6.00,5.53
252,10.1.0.67,10.1.0.161,27,27,0,100.00,0.05,9.48,9.85
253,10.1.0.32,10.1.0.89,19,19,0,100.00,0.03,12.32,14.00
254,10.1.0.32,10.1.0.161,23,23,0,100.00,0.04,10.65,9.86
255,10.1.0.161,10.1.0.89,11,5,6,45.45,0.01,143.40,176.00
256,10.1.0.130,10.1.0.89,14,5,9,35.71,0.01,220.60,249.75
257,10.1.0.130,10.1.0.161,31,31,0,100.00,0.05,11.45,8.47
258,10.1.0.78,10.1.0.89,13,7,6,53.85,0.01,152.00,173.67
259,10.1.0.78,10.1.0.161,14,14,0,100.00,0.02,19.29,19.69
260,10.1.0.89,10.1.0.67,16,16,0,100.00,0.02,8.06,9.40
261,10.1.0.30,10.1.0.104,3,3,0,100.00,0.01,3.67,4.00
262,10.1.0.30,10.1.0.161,31,31,0,100.00,0.05,8.94,11.53
263,10.1.0.104,10.1.0.30,15,15,0,100.00,0.04,191.00,78.64
264,10.1.0.104,10.1.0.35,6,6,0,100.00,0.01,2.67,2.40
265,10.1.0.89,10.1.0.32,14,14,0,100.00,0.02,7.64,10.85
266,10.1.0.35,10.1.0.89,15,15,0,100.00,0.02,14.00,19.93
267,10.1.0.89,10.1.0.122,13,13,0,100.00,0.02,4.77,7.08
268,10.1.0.67,10.1.0.122,10,10,0,100.00,0.02,11.20,12.33
269,10.1.0.32,10.1.0.122,12,4,8,33.33,0.01,35.00,32.00
270,10.1.0.130,10.1.0.122,8,8,0,100.00,0.01,12.00,11.71
271,10.1.0.161,10.1.0.122,9,8,1,88.89,0.01,130.38,138.57
272,10.1.0.78,10.1.0.122,8,8,0,100.00,0.01,117.50,133.14
273,10.1.0.35,10.1.0.102,12,12,0,100.00,0.03,6.67,7.73
274,10.1.0.35,10.1.0.104,2,2,0,100.00,0.00,17.50,27.00
275,10.1.0.104,10.1.0.64,6,6,0,100.00,0.01,18.50,20.80
276,10.1.0.30,10.1.0.8,2,2,0,100.00,0.03,9.00,3.00
277,10.1.0.16,10.1.0.161,18,18,0,100.00,0.03,11.17,14.06
278,10.1.0.83,10.1.0.8,2,2,0,100.00,0.01,31.50,19.00
279,10.1.0.83,10.1.0.161,16,16,0,100.00,0.03,20.81,9.47
280,10.1.0.122,10.1.0.67,9,8,1,88.89,0.01,11.38,9.00
281,10.1.0.122,10.1.0.130,8,8,0,100.00,0.01,130.88,153.43
282,10.1.0.8,10.1.0.30,1,1,0,100.00,11.22,21.00,0.00
283,10.1.0.8,10.1.0.102,15,14,1,93.33,0.02,433.79,161.23
284,10.1.0.102,10.1.0.122,18,18,0,100.00,0.03,10.06,11.65
285,10.1.0.8,10.1.0.16,3,3,0,100.00,0.02,10.33,7.50
286,10.1.0.8,10.1.0.83,5,5,0,100.00,0.01,5.60,10.25
287,10.1.0.64,10.1.0.102,2,2,0,100.00,0.01,1.50,2.00
288,10.1.0.122,10.1.0.78,10,10,0,100.00,0.04,5.00,7.11
289,10.1.0.76,10.1.0.4,5,5,0,100.00,0.01,10.00,18.00
290,10.1.0.76,10.1.0.161,11,11,0,100.00,0.03,11.91,15.80
291,10.1.0.16,10.1.0.4,3,3,0,100.00,0.01,4.33,6.00
292,10.1.0.30,10.1.0.4,3,3,0,100.00,0.01,341.00,503.00
293,10.1.0.83,10.1.0.4,5,5,0,100.00,0.01,206.80,255.50
294,10.1.0.161,10.1.0.4,3,3,0,100.00,0.01,340.33,502.00
295,10.1.0.104,10.1.0.84,5,5,0,100.00,0.01,5.80,8.00
296,10.1.0.8,10.1.0.84,4,4,0,100.00,0.01,502.50,669.67
297,10.1.0.8,10.1.0.161,8,8,0,100.00,0.02,383.62,439.29
298,10.1.0.64,10.1.0.57,3,3,0,100.00,0.01,2.33,2.50
299,10.1.0.64,10.1.0.104,7,7,0,100.00,0.02,4.71,5.33
300,10.1.0.57,10.1.0.84,5,4,1,80.00,0.01,3.25,2.00
301,10.1.0.4,10.1.0.76,4,4,0,100.00,0.01,6.00,4.67
302,10.1.0.84,10.1.0.4,7,7,0,100.00,0.02,2.57,1.67
303,10.1.0.4,10.1.0.30,3,3,0,100.00,0.01,5.00,4.50
304,10.1.0.4,10.1.0.83,3,3,0,100.00,0.01,3.67,4.50
305,10.1.0.4,10.1.0.161,5,4,1,80.00,3.01,32.75,26.67
306,10.1.0.16,10.1.0.76,2,2,0,100.00,0.01,17.00,27.00
307,10.1.0.161,10.1.0.76,1,1,0,100.00,11.45,33.00,0.00
308,10.1.0.130,10.1.0.76,1,1,0,100.00,10.77,35.00,0.00
309,10.1.0.67,10.1.0.83,7,4,3,57.14,0.01,16.25,11.00
310,10.1.0.32,10.1.0.83,4,2,2,50.00,0.00,22.00,12.00
311,10.1.0.57,10.1.0.64,9,9,0,100.00,0.01,112.11,125.88
312,10.1.0.84,10.1.0.76,4,4,0,100.00,0.04,11.25,8.00
313,10.1.0.102,10.1.0.35,6,6,0,100.00,0.02,8.83,11.60
314,10.1.0.102,10.1.0.161,24,24,0,100.00,0.04,12.62,8.43
315,10.1.0.110,10.1.0.35,14,14,0,100.00,0.02,8.36,11.54
316,10.1.0.110,10.1.0.161,4,4,0,100.00,0.01,28.50,15.67
317,10.1.0.89,10.1.0.35,7,6,1,85.71,0.01,9.33,10.80
318,10.1.0.89,10.1.0.161,13,13,0,100.00,0.02,20.23,20.92
319,10.1.0.35,10.1.0.83,8,7,1,87.50,0.01,861.71,335.67
320,10.1.0.64,10.1.0.8,3,3,0,100.00,0.01,667.67,1000.50
321,10.1.0.76,10.1.0.16,2,2,0,100.00,0.01,5.00,10.00
322,10.1.0.76,10.1.0.130,1,1,0,100.00,33.34,7.00,0.00
323,10.1.0.35,10.1.0.110,16,16,0,100.00,0.03,8.44,8.20
324,10.1.0.16,10.1.0.83,4,4,0,100.00,0.01,14.50,13.67
325,10.1.0.30,10.1.0.83,3,3,0,100.00,0.01,21.33,17.00
326,10.1.0.161,10.1.0.83,5,2,3,40.00,0.00,8.50,13.00
327,10.1.0.76,10.1.0.83,1,1,0,100.00,25.66,14.00,0.00
328,10.1.0.130,10.1.0.83,4,2,2,50.00,0.00,8.00,8.00
329,10.1.0.84,10.1.0.104,3,3,0,100.00,0.01,249.33,373.50
330,10.1.0.102,10.1.0.8,6,6,0,100.00,0.01,16.50,23.80
331,10.1.0.83,10.1.0.30,1,1,0,100.00,17.38,13.00,0.00
332,10.1.0.83,10.1.0.76,4,4,0,100.00,0.80,3.50,4.00
333,10.1.0.83,10.1.0.16,1,1,0,100.00,21.93,10.00,0.00
334,10.1.0.122,10.1.0.89,10,10,0,100.00,0.01,4.60,5.67
335,10.1.0.83,10.1.0.78,8,8,0,100.00,0.01,122.38,130.86
336,10.1.0.122,10.1.0.102,11,11,0,100.00,0.02,10.82,14.60
337,10.1.0.110,10.1.0.122,7,7,0,100.00,0.01,6.71,10.67
338,10.1.0.130,10.1.0.97,5,5,0,100.00,0.02,4.40,5.00
339,10.1.0.67,10.1.0.97,9,9,0,100.00,0.01,66.33,80.62
340,10.1.0.83,10.1.0.97,7,7,0,100.00,0.03,11.43,10.67
341,10.1.0.161,10.1.0.97,5,5,0,100.00,0.02,107.40,134.50
342,10.1.0.97,10.1.0.130,5,5,0,100.00,0.01,400.80,500.25
343,10.1.0.122,10.1.0.161,14,14,0,100.00,0.03,18.57,18.77
344,10.1.0.89,10.1.0.78,14,14,0,100.00,0.02,44.86,45.77
345,10.1.0.110,10.1.0.166,5,5,0,100.00,0.01,5.00,5.25
346,10.1.0.102,10.1.0.166,5,5,0,100.00,0.01,210.40,260.00
347,10.1.0.166,10.1.0.78,25,25,0,100.00,0.09,7.32,7.29
348,10.1.0.78,10.1.0.97,23,22,1,95.65,0.03,2.50,2.71
349,10.1.0.97,10.1.0.67,8,8,0,100.00,0.01,7.12,8.29
350,10.1.0.124,10.1.0.99,7,7,0,100.00,0.01,41.00,70.67
351,10.1.0.124,10.1.0.156,35,35,0,100.00,0.08,14.09,12.50
352,10.1.0.41,10.1.0.99,13,13,0,100.00,0.03,49.92,43.25
353,10.1.0.41,10.1.0.156,17,17,0,100.00,0.04,30.88,30.25
354,10.1.0.111,10.1.0.99,7,7,0,100.00,0.02,21.86,27.83
355,10.1.0.111,10.1.0.156,34,34,0,100.00,0.08,18.65,18.27
356,10.1.0.156,10.1.0.99,4,4,0,100.00,0.01,265.00,352.00
357,10.1.0.54,10.1.0.99,6,6,0,100.00,0.01,15.50,18.60
358,10.1.0.54,10.1.0.156,26,26,0,100.00,0.06,20.58,13.48
359,10.1.0.79,10.1.0.99,15,15,0,100.00,0.04,106.40,82.57
360,10.1.0.79,10.1.0.156,47,47,0,100.00,0.10,14.47,16.57
361,10.1.0.88,10.1.0.99,18,15,3,83.33,0.05,30.00,28.79
362,10.1.0.88,10.1.0.156,28,27,1,96.43,0.08,33.70,22.54
363,10.1.0.116,10.1.0.73,14,14,0,100.00,0.03,12.29,12.23
364,10.1.0.116,10.1.0.156,32,32,0,100.00,0.07,32.19,28.52
365,10.1.0.121,10.1.0.73,9,9,0,100.00,0.02,21.33,14.25
366,10.1.0.121,10.1.0.156,57,55,2,96.49,0.12,23.78,17.22
367,10.1.0.73,10.1.0.121,16,12,4,75.00,0.02,12.25,21.18
368,10.1.0.73,10.1.0.99,9,9,0,100.00,0.03,241.22,133.88
369,10.1.0.73,10.1.0.116,12,10,2,83.33,0.02,18.10,26.78
370,10.1.0.166,10.1.0.102,11,11,0,100.00,0.03,13.09,9.90
371,10.1.0.99,10.1.0.88,20,18,2,90.00,0.05,18.78,15.29
372,10.1.0.99,10.1.0.111,5,5,0,100.00,0.01,12.60,4.75
373,10.1.0.99,10.1.0.124,7,7,0,100.00,0.01,6.71,10.67
374,10.1.0.99,10.1.0.54,7,7,0,100.00,0.01,9.57,11.50
375,10.1.0.99,10.1.0.41,9,9,0,100.00,0.02,4.56,5.75
376,10.1.0.18,10.1.0.66,1,1,0,100.00,52.54,7.00,0.00
377,10.1.0.18,10.1.0.159,2,2,0,100.00,2.09,1.00,1.00
378,10.1.0.159,10.1.0.66,3,3,0,100.00,0.01,6.00,4.50
379,10.1.0.132,10.1.0.66,1,1,0,100.00,12.34,31.00,0.00
380,10.1.0.132,10.1.0.159,1,1,0,100.00,45.16,8.00,0.00
381,10.1.0.117,10.1.0.66,1,1,0,100.00,0.19,2001.00,0.00
382,10.1.0.117,10.1.0.159,2,2,0,100.00,1.99,1.50,2.00
383,10.1.0.66,10.1.0.18,1,1,0,100.00,16.09,14.00,0.00
384,10.1.0.13,10.1.0.61,2,2,0,100.00,0.76,819.50,368.00
385,10.1.0.13,10.1.0.159,2,2,0,100.00,2.06,1.00,1.00
386,10.1.0.66,10.1.0.132,1,1,0,100.00,106.17,2.00,0.00
387,10.1.0.124,10.1.0.3,18,18,0,100.00,0.04,8.44,9.12
388,10.1.0.41,10.1.0.3,15,5,10,33.33,0.01,74.60,85.50
389,10.1.0.111,10.1.0.3,12,12,0,100.00,0.03,17.25,19.73
390,10.1.0.156,10.1.0.3,10,7,3,70.00,0.01,29.14,23.67
391,10.1.0.54,10.1.0.3,12,7,5,58.33,0.01,17.43,25.83
392,10.1.0.73,10.1.0.3,26,25,1,96.15,0.06,68.80,66.67
393,10.1.0.116,10.1.0.7,13,4,9,30.77,0.01,870.00,459.00
394,10.1.0.3,10.1.0.124,18,17,1,94.44,0.03,123.94,73.94
395,10.1.0.18,10.1.0.74,2,2,0,100.00,0.00,2.00,0.00
396,10.1.0.66,10.1.0.74,1,1,0,100.00,30.00,12.00,0.00
397,10.1.0.66,10.1.0.159,1,1,0,100.00,73.59,5.00,0.00
398,10.1.0.159,10.1.0.74,2,2,0,100.00,0.00,321.50,625.00
399,10.1.0.74,10.1.0.18,1,1,0,100.00,25.47,9.00,0.00
400,10.1.0.3,10.1.0.111,15,15,0,100.00,0.03,95.40,91.71
401,10.1.0.74,10.1.0.66,1,1,0,100.00,29.05,8.00,0.00
402,10.1.0.117,10.1.0.61,1,1,0,100.00,38.70,9.00,0.00
403,10.1.0.61,10.1.0.117,1,1,0,100.00,29.60,8.00,0.00
404,10.1.0.61,10.1.0.100,4,4,0,100.00,0.01,10.25,6.67
405,10.1.0.99,10.1.0.3,15,15,0,100.00,0.03,9.60,13.43
406,10.1.0.100,10.1.0.74,3,3,0,100.00,0.05,3.67,5.00
407,10.1.0.99,10.1.0.7,11,11,0,100.00,0.03,17.45,21.20
408,10.1.0.3,10.1.0.7,9,9,0,100.00,0.02,11.33,20.25
409,10.1.0.124,10.1.0.7,4,4,0,100.00,0.01,8.50,3.67
410,10.1.0.111,10.1.0.7,3,3,0,100.00,0.01,13.67,15.50
411,10.1.0.156,10.1.0.7,4,4,0,100.00,0.01,106.25,120.67
412,10.1.0.54,10.1.0.7,5,5,0,100.00,0.01,74.40,92.50
413,10.1.0.73,10.1.0.7,15,15,0,100.00,0.03,17.47,22.43
414,10.1.0.79,10.1.0.7,6,1,5,16.67,0.00,21.00,0.00
415,10.1.0.121,10.1.0.41,10,10,0,100.00,0.02,18.90,20.00
416,10.1.0.59,10.1.0.41,11,11,0,100.00,0.02,23.36,25.90
417,10.1.0.59,10.1.0.156,26,26,0,100.00,0.06,26.73,19.96
418,10.1.0.58,10.1.0.41,7,7,0,100.00,0.02,16.71,15.33
419,10.1.0.58,10.1.0.156,36,36,0,100.00,0.08,12.72,10.06
420,10.1.0.131,10.1.0.41,11,10,1,90.91,0.03,31.80,39.78
421,10.1.0.131,10.1.0.156,19,19,0,100.00,0.04,26.58,19.00
422,10.1.0.7,10.1.0.124,5,5,0,100.00,0.01,17.80,20.00
423,10.1.0.7,10.1.0.111,2,2,0,100.00,0.00,24.00,20.00
424,10.1.0.95,10.1.0.80,5,5,0,100.00,0.01,754.80,567.00
425,10.1.0.95,10.1.0.156,36,36,0,100.00,0.08,27.53,19.31
426,10.1.0.129,10.1.0.80,8,8,0,100.00,0.02,733.38,459.14
427,10.1.0.129,10.1.0.156,21,21,0,100.00,0.05,33.00,23.60
428,10.1.0.41,10.1.0.58,18,18,0,100.00,0.04,24.89,29.29
429,10.1.0.41,10.1.0.7,13,13,0,100.00,0.03,11.15,7.25
430,10.1.0.41,10.1.0.121,12,12,0,100.00,0.02,31.17,37.45
431,10.1.0.41,10.1.0.59,12,12,0,100.00,0.02,25.75,32.91
432,10.1.0.41,10.1.0.131,14,13,1,92.86,0.03,31.38,36.50
433,10.1.0.7,10.1.0.54,6,6,0,100.00,0.01,7.17,7.00
434,10.1.0.99,10.1.0.79,7,7,0,100.00,0.01,20.29,22.33
435,10.1.0.61,10.1.0.13,2,2,0,100.00,63.56,6.00,1.00
436,10.1.0.61,10.1.0.66,3,3,0,100.00,0.01,11.33,16.50
437,10.1.0.58,10.1.0.121,17,17,0,100.00,0.05,10.47,11.12
438,10.1.0.156,10.1.0.121,11,11,0,100.00,0.03,114.27,104.60
439,10.1.0.111,10.1.0.121,9,4,5,44.44,0.01,581.25,316.33
440,10.1.0.54,10.1.0.121,7,7,0,100.00,0.02,15.29,11.50
441,10.1.0.124,10.1.0.121,12,7,5,58.33,0.02,455.57,401.83
442,10.1.0.88,10.1.0.11,12,12,0,100.00,0.03,162.25,99.09
443,10.1.0.7,10.1.0.116,10,9,1,90.00,0.02,17.78,25.12
444,10.1.0.7,10.1.0.156,15,15,0,100.00,0.03,35.00,35.36
445,10.1.0.121,10.1.0.54,8,8,0,100.00,0.01,384.88,310.29
446,10.1.0.121,10.1.0.58,6,5,1,83.33,0.01,12.40,10.25
447,10.1.0.116,10.1.0.121,16,16,0,100.00,0.03,16.75,24.73
448,10.1.0.58,10.1.0.59,3,3,0,100.00,0.01,23.00,34.00
449,10.1.0.156,10.1.0.59,6,6,0,100.00,0.02,56.50,67.80
450,10.1.0.116,10.1.0.59,11,11,0,100.00,0.02,257.45,160.90
451,10.1.0.121,10.1.0.59,10,9,1,90.00,0.02,44.00,47.38
452,10.1.0.121,10.1.0.116,21,21,0,100.00,0.04,7.62,8.45
453,10.1.0.124,10.1.0.59,8,8,0,100.00,0.02,22.88,20.14
454,10.1.0.88,10.1.0.59,8,7,1,87.50,0.02,151.14,147.50
455,10.1.0.99,10.1.0.156,27,27,0,100.00,0.06,20.07,15.31
456,10.1.0.7,10.1.0.79,4,4,0,100.00,0.01,46.25,28.67
457,10.1.0.79,10.1.0.59,8,8,0,100.00,0.02,16.75,31.86
458,10.1.0.59,10.1.0.124,7,7,0,100.00,0.02,15.14,17.00
459,10.1.0.59,10.1.0.58,3,3,0,100.00,0.01,26.67,39.50
460,10.1.0.111,10.1.0.59,6,6,0,100.00,0.02,31.00,42.20
461,10.1.0.121,10.1.0.131,13,13,0,100.00,0.03,15.00,17.25
462,10.1.0.59,10.1.0.131,10,10,0,100.00,0.02,15.20,28.78
463,10.1.0.58,10.1.0.131,10,10,0,100.00,0.02,14.30,12.33
464,10.1.0.116,10.1.0.131,12,12,0,100.00,0.03,15.25,16.09
465,10.1.0.156,10.1.0.131,6,6,0,100.00,0.02,80.83,93.20
466,10.1.0.79,10.1.0.131,8,7,1,87.50,0.02,12.71,15.83
467,10.1.0.111,10.1.0.131,7,7,0,100.00,0.02,131.86,136.50
468,10.1.0.131,10.1.0.58,10,9,1,90.00,0.02,434.56,258.88
469,10.1.0.124,10.1.0.54,5,5,0,100.00,0.01,18.60,33.00
470,10.1.0.3,10.1.0.54,9,8,1,88.89,0.02,22.25,16.43
471,10.1.0.131,10.1.0.59,7,7,0,100.00,0.01,13.86,14.83
472,10.1.0.54,10.1.0.124,7,7,0,100.00,0.01,6.29,7.50
473,10.1.0.54,10.1.0.131,8,8,0,100.00,0.02,15.00,8.86
474,10.1.0.58,10.1.0.129,6,6,0,100.00,0.01,163.17,181.40
475,10.1.0.59,10.1.0.129,7,7,0,100.00,0.02,20.43,14.67
476,10.1.0.131,10.1.0.129,14,14,0,100.00,0.02,17.00,15.31
477,10.1.0.79,10.1.0.129,5,5,0,100.00,0.01,48.80,50.50
478,10.1.0.156,10.1.0.129,7,7,0,100.00,0.02,329.71,373.50
479,10.1.0.54,10.1.0.129,3,3,0,100.00,0.01,79.00,97.00
480,10.1.0.121,10.1.0.129,9,9,0,100.00,0.02,83.33,88.62
481,10.1.0.116,10.1.0.129,11,9,2,81.82,0.03,49.67,33.88
482,10.1.0.111,10.1.0.129,6,6,0,100.00,0.01,38.83,26.00
483,10.1.0.88,10.1.0.129,5,5,0,100.00,0.01,130.00,171.75
484,10.1.0.41,10.1.0.148,4,4,0,100.00,0.01,54.75,68.00
485,10.1.0.58,10.1.0.95,10,10,0,100.00,0.03,4.90,5.78
486,10.1.0.59,10.1.0.95,13,13,0,100.00,0.04,3.69,3.00
487,10.1.0.79,10.1.0.95,6,6,0,100.00,0.01,12.33,14.60
488,10.1.0.156,10.1.0.95,6,6,0,100.00,0.02,47.67,58.20
489,10.1.0.54,10.1.0.95,4,4,0,100.00,0.01,73.00,47.33
490,10.1.0.111,10.1.0.95,5,5,0,100.00,0.03,42.60,20.50
491,10.1.0.88,10.1.0.95,5,4,1,80.00,0.04,136.25,169.00
492,10.1.0.131,10.1.0.114,6,6,0,100.00,0.02,145.67,176.40
493,10.1.0.95,10.1.0.58,3,3,0,100.00,0.01,286.67,418.00
494,10.1.0.121,10.1.0.49,17,17,0,100.00,0.04,22.24,35.25
495,10.1.0.116,10.1.0.80,8,8,0,100.00,0.02,38.75,38.43
496,10.1.0.41,10.1.0.80,10,7,3,70.00,0.01,22.14,22.67
497,10.1.0.95,10.1.0.59,6,6,0,100.00,0.02,206.33,172.80
498,10.1.0.80,10.1.0.114,10,10,0,100.00,0.03,10.80,9.67
499,10.1.0.49,10.1.0.114,8,8,0,100.00,0.02,140.50,175.00
500,10.1.0.114,10.1.0.95,10,10,0,100.00,0.03,4.60,3.11
501,10.1.0.129,10.1.0.59,5,5,0,100.00,0.01,31.80,75.50
502,10.1.0.7,10.1.0.3,12,12,0,100.00,0.03,7.25,8.00
503,10.1.0.148,10.1.0.80,11,8,3,72.73,0.02,25.62,38.57
504,10.1.0.80,10.1.0.129,8,8,0,100.00,0.02,10.50,12.43
505,10.1.0.66,10.1.0.117,1,1,0,100.00,29.46,8.00,0.00
506,10.1.0.11,10.1.0.88,8,7,1,87.50,0.01,558.57,337.17
507,10.1.0.11,10.1.0.131,8,7,1,87.50,0.02,47.71,17.00
508,10.1.0.59,10.1.0.88,4,3,1,75.00,0.01,8.67,9.00
509,10.1.0.95,10.1.0.88,5,4,1,80.00,0.04,1053.00,670.00
510,10.1.0.79,10.1.0.11,5,5,0,100.00,0.01,148.00,179.50
511,10.1.0.79,10.1.0.88,8,8,0,100.00,0.02,36.25,16.29
512,10.1.0.156,10.1.0.88,8,7,1,87.50,0.02,42.14,19.67
513,10.1.0.54,10.1.0.88,6,6,0,100.00,0.01,59.50,21.80
514,10.1.0.111,10.1.0.88,8,8,0,100.00,0.02,45.75,26.43
515,10.1.0.124,10.1.0.58,10,10,0,100.00,0.03,332.60,364.56
516,10.1.0.124,10.1.0.88,9,8,1,88.89,0.02,39.88,21.14
517,10.1.0.95,10.1.0.11,8,8,0,100.00,0.05,9.12,12.29
518,10.1.0.51,10.1.0.22,7,6,1,85.71,0.02,498.67,208.00
519,10.1.0.51,10.1.0.88,9,7,2,77.78,0.02,437.14,166.67
520,10.1.0.54,10.1.0.59,5,5,0,100.00,0.02,273.80,173.50
521,10.1.0.58,10.1.0.11,5,5,0,100.00,0.03,13.60,18.25
522,10.1.0.59,10.1.0.79,6,6,0,100.00,0.01,13.33,13.60
523,10.1.0.41,10.1.0.136,1,1,0,100.00,3.00,128.00,0.00
524,10.1.0.111,10.1.0.116,11,11,0,100.00,0.02,29.09,35.70
525,10.1.0.124,10.1.0.116,9,9,0,100.00,0.02,125.11,135.25
526,10.1.0.131,10.1.0.121,11,11,0,100.00,0.02,12.91,7.20
527,10.1.0.95,10.1.0.111,3,3,0,100.00,0.01,6.33,9.00
528,10.1.0.59,10.1.0.111,3,3,0,100.00,0.01,20.67,25.00
529,10.1.0.7,10.1.0.99,6,6,0,100.00,0.02,8.50,9.00
530,10.1.0.116,10.1.0.111,7,7,0,100.00,0.01,180.71,110.17
531,10.1.0.95,10.1.0.54,5,5,0,100.00,0.01,7.20,8.50
532,10.1.0.129,10.1.0.88,4,3,1,75.00,0.03,1139.00,987.00
533,10.1.0.95,10.1.0.129,5,5,0,100.00,0.01,15.40,14.50
534,10.1.0.11,10.1.0.129,5,5,0,100.00,0.01,9.60,10.75
535,10.1.0.58,10.1.0.147,1,1,0,100.00,9.65,39.00,0.00
536,10.1.0.59,10.1.0.147,3,3,0,100.00,0.01,12.67,19.00
537,10.1.0.79,10.1.0.121,7,7,0,100.00,0.02,48.29,46.67
538,10.1.0.129,10.1.0.11,2,2,0,100.00,0.02,5.00,5.00
539,10.1.0.31,10.1.0.129,12,12,0,100.00,0.03,15.42,14.36
540,10.1.0.121,10.1.0.79,7,7,0,100.00,0.01,43.43,40.83
541,10.1.0.147,10.1.0.59,3,2,1,66.67,0.00,501.50,999.00
542,10.1.0.147,10.1.0.129,11,11,0,100.00,0.02,24.55,32.80
543,10.1.0.136,10.1.0.59,2,1,1,50.00,0.00,117.00,0.00
544,10.1.0.129,10.1.0.58,3,3,0,100.00,0.01,58.00,61.00
545,10.1.0.80,10.1.0.95,4,4,0,100.00,0.01,7.00,11.67
546,10.1.0.80,10.1.0.41,7,7,0,100.00,0.02,14.57,12.33
547,10.1.0.59,10.1.0.54,6,6,0,100.00,0.01,18.33,10.80
548,10.1.0.11,10.1.0.79,17,16,1,94.12,0.04,43.12,27.00
549,10.1.0.116,10.1.0.124,14,13,1,92.86,0.03,9.00,16.17
550,10.1.0.121,10.1.0.124,6,6,0,100.00,0.01,9.00,14.40
551,10.1.0.22,10.1.0.51,3,3,0,100.00,39.76,16.33,0.00
552,10.1.0.22,10.1.0.11,7,7,0,100.00,0.02,14.00,11.17
553,10.1.0.22,10.1.0.152,3,3,0,100.00,0.01,13.00,32.00
554,10.1.0.152,10.1.0.95,1,1,0,100.00,31.86,12.00,0.00
555,10.1.0.11,10.1.0.59,3,3,0,100.00,0.01,1.67,2.00
556,10.1.0.152,10.1.0.126,4,4,0,100.00,0.01,14.25,15.67
557,10.1.0.77,10.1.0.126,4,4,0,100.00,0.01,5.50,6.00
558,10.1.0.77,10.1.0.152,13,13,0,100.00,0.03,6.15,11.08
559,10.1.0.15,10.1.0.126,5,5,0,100.00,0.01,14.40,14.75
560,10.1.0.15,10.1.0.152,13,13,0,100.00,0.03,10.15,6.67
561,10.1.0.147,10.1.0.5,5,5,0,100.00,0.01,2.20,2.00
562,10.1.0.147,10.1.0.152,18,18,0,100.00,0.04,7.33,10.29
563,10.1.0.114,10.1.0.5,8,7,1,87.50,0.01,6.14,7.67
564,10.1.0.114,10.1.0.152,5,5,0,100.00,0.01,22.40,23.00
565,10.1.0.126,10.1.0.77,5,5,0,100.00,0.01,201.80,251.50
566,10.1.0.5,10.1.0.147,8,8,0,100.00,0.02,13.75,19.86
567,10.1.0.5,10.1.0.6,8,8,0,100.00,0.02,4.38,4.29
568,10.1.0.11,10.1.0.103,1,1,0,100.00,148.88,2.00,0.00
569,10.1.0.11,10.1.0.152,12,12,0,100.00,0.03,8.17,8.36
570,10.1.0.103,10.1.0.11,2,1,1,50.00,20.50,11.00,0.00
571,10.1.0.103,10.1.0.126,5,5,0,100.00,0.02,10.20,11.00
572,10.1.0.5,10.1.0.114,10,10,0,100.00,0.02,24.20,20.89
573,10.1.0.6,10.1.0.126,12,12,0,100.00,0.02,6.25,5.00
574,10.1.0.126,10.1.0.15,4,3,1,75.00,0.00,12.00,19.00
575,10.1.0.58,10.1.0.124,4,4,0,100.00,0.01,20.75,31.67
576,10.1.0.89,10.1.0.110,6,6,0,100.00,0.02,6.83,6.60
577,10.1.0.89,10.1.0.157,3,3,0,100.00,0.01,14.00,8.00
578,10.1.0.102,10.1.0.110,6,6,0,100.00,0.02,10.17,7.80
579,10.1.0.102,10.1.0.157,2,0,2,0.00,0.00,0.00,0.00
580,10.1.0.157,10.1.0.110,3,1,2,33.33,0.00,13.00,0.00
581,10.1.0.33,10.1.0.110,3,2,1,66.67,0.00,508.00,986.00
582,10.1.0.33,10.1.0.157,4,4,0,100.00,0.01,4.50,5.33
583,10.1.0.110,10.1.0.102,7,7,0,100.00,0.03,3.43,3.33
584,10.1.0.110,10.1.0.89,8,8,0,100.00,0.01,4.12,7.86
585,10.1.0.102,10.1.0.89,15,15,0,100.00,0.03,10.00,8.50
586,10.1.0.35,10.1.0.161,12,12,0,100.00,0.02,19.67,18.00
587,10.1.0.89,10.1.0.102,11,11,0,100.00,0.02,5.36,6.50
588,10.1.0.32,10.1.0.35,3,3,0,100.00,0.03,27.00,28.50
589,10.1.0.161,10.1.0.35,3,3,0,100.00,0.03,345.33,498.50
590,10.1.0.83,10.1.0.67,7,7,0,100.00,0.01,19.00,18.00
591,10.1.0.83,10.1.0.35,6,5,1,83.33,0.03,406.80,501.25
592,10.1.0.30,10.1.0.67,8,8,0,100.00,0.02,158.38,162.43
593,10.1.0.30,10.1.0.35,7,7,0,100.00,0.03,8.29,4.83
594,10.1.0.8,10.1.0.35,9,9,0,100.00,0.02,12.11,21.12
595,10.1.0.84,10.1.0.16,5,5,0,100.00,0.02,401.40,502.50
596,10.1.0.84,10.1.0.35,6,6,0,100.00,0.02,169.00,203.60
597,10.1.0.64,10.1.0.33,5,5,0,100.00,0.01,5.20,5.25
598,10.1.0.64,10.1.0.35,3,3,0,100.00,0.01,16.00,1.50
599,10.1.0.33,10.1.0.64,15,12,3,80.00,0.03,164.17,179.27
600,10.1.0.157,10.1.0.89,4,4,0,100.00,0.01,6.25,3.67
601,10.1.0.16,10.1.0.67,9,9,0,100.00,0.02,123.67,133.88
602,10.1.0.1,10.1.0.16,3,3,0,100.00,0.01,667.67,500.00
603,10.1.0.161,10.1.0.130,5,5,0,100.00,0.02,198.20,249.00
604,10.1.0.161,10.1.0.8,2,2,0,100.00,0.01,13.00,1.00
605,10.1.0.30,10.1.0.130,3,3,0,100.00,0.02,329.67,491.00
606,10.1.0.32,10.1.0.130,5,5,0,100.00,0.02,13.80,12.00
607,10.1.0.32,10.1.0.8,2,2,0,100.00,0.01,18.00,35.00
608,10.1.0.35,10.1.0.8,2,2,0,100.00,0.00,4.00,7.00
609,10.1.0.102,10.1.0.130,5,4,1,80.00,0.01,6.25,5.00
610,10.1.0.83,10.1.0.130,3,3,0,100.00,0.03,323.00,483.00
611,10.1.0.130,10.1.0.16,8,8,0,100.00,0.07,1.88,1.86
612,10.1.0.130,10.1.0.32,4,4,0,100.00,0.02,23.25,26.33
613,10.1.0.16,10.1.0.97,4,4,0,100.00,0.02,239.50,288.00
614,10.1.0.97,10.1.0.83,7,7,0,100.00,0.01,159.14,176.67
615,10.1.0.67,10.1.0.30,4,4,0,100.00,0.00,8.50,11.67
616,10.1.0.130,10.1.0.30,2,2,0,100.00,0.01,3.00,5.00
617,10.1.0.97,10.1.0.16,4,4,0,100.00,0.01,34.25,45.00
618,10.1.0.16,10.1.0.84,2,2,0,100.00,0.01,7.00,5.00
619,10.1.0.40,10.1.0.73,4,4,0,100.00,0.01,4.50,5.33
620,10.1.0.40,10.1.0.160,3,3,0,100.00,0.01,0.33,0.00
621,10.1.0.160,10.1.0.73,4,4,0,100.00,0.01,15.50,32.33
622,10.1.0.78,10.1.0.160,2,2,0,100.00,0.01,6.50,4.00
623,10.1.0.97,10.1.0.160,2,2,0,100.00,0.01,524.50,970.00
624,10.1.0.67,10.1.0.3,3,3,0,100.00,0.02,372.00,482.00
625,10.1.0.73,10.1.0.40,6,6,0,100.00,0.02,2.83,2.20
626,10.1.0.3,10.1.0.73,9,7,2,77.78,0.03,40.71,30.83
627,10.1.0.116,10.1.0.41,10,10,0,100.00,0.02,21.90,24.33
628,10.1.0.79,10.1.0.41,9,8,1,88.89,0.02,15.50,16.14
629,10.1.0.80,10.1.0.156,23,23,0,100.00,0.06,76.13,73.36
630,10.1.0.41,10.1.0.79,12,11,1,91.67,0.03,191.82,114.20
631,10.1.0.41,10.1.0.116,9,9,0,100.00,0.02,15.56,14.75
632,10.1.0.156,10.1.0.41,7,4,3,57.14,0.01,22.75,24.33
633,10.1.0.156,10.1.0.80,4,3,1,75.00,0.01,30.67,35.50
634,10.1.0.136,10.1.0.41,4,1,3,25.00,0.00,1001.00,0.00
635,10.1.0.136,10.1.0.80,8,8,0,100.00,0.02,57.12,39.14
636,10.1.0.121,10.1.0.80,13,13,0,100.00,0.03,31.69,39.17
637,10.1.0.148,10.1.0.41,4,3,1,75.00,0.01,339.00,508.50
638,10.1.0.59,10.1.0.80,3,3,0,100.00,0.01,38.00,42.00
639,10.1.0.58,10.1.0.80,3,2,1,66.67,0.01,955.50,98.00
640,10.1.0.131,10.1.0.80,8,8,0,100.00,0.02,15.12,19.29
641,10.1.0.100,10.1.0.80,6,4,2,66.67,0.01,281.00,326.33
642,10.1.0.74,10.1.0.100,3,3,0,100.00,0.01,21.33,16.50
643,10.1.0.74,10.1.0.40,5,5,0,100.00,0.04,203.80,257.00
644,10.1.0.3,10.1.0.99,8,8,0,100.00,0.02,6.12,6.71
645,10.1.0.58,10.1.0.88,7,7,0,100.00,0.03,23.71,20.33
646,10.1.0.88,10.1.0.79,7,7,0,100.00,0.02,26.57,45.00
647,10.1.0.88,10.1.0.111,5,5,0,100.00,0.02,224.00,256.50
648,10.1.0.88,10.1.0.54,2,2,0,100.00,0.01,521.00,946.00
649,10.1.0.88,10.1.0.124,5,4,1,80.00,0.01,23.25,43.67
650,10.1.0.88,10.1.0.58,4,4,0,100.00,0.01,34.75,55.33
651,10.1.0.40,10.1.0.41,5,5,0,100.00,0.01,17.80,16.75
652,10.1.0.15,10.1.0.147,5,5,0,100.00,0.02,11.00,9.50
653,10.1.0.11,10.1.0.147,3,3,0,100.00,0.04,31.33,21.00
654,10.1.0.77,10.1.0.147,4,4,0,100.00,0.05,22.50,29.00
655,10.1.0.103,10.1.0.147,5,0,5,0.00,0.00,0.00,0.00
656,10.1.0.103,10.1.0.152,11,11,0,100.00,0.03,19.73,13.50
657,10.1.0.45,10.1.0.147,5,5,0,100.00,0.07,11.60,23.50
658,10.1.0.45,10.1.0.152,20,1,19,5.00,0.00,1001.00,0.00
659,10.1.0.152,10.1.0.147,6,6,0,100.00,0.02,190.17,197.80
660,10.1.0.147,10.1.0.45,8,8,0,100.00,0.08,14.62,13.00
661,10.1.0.147,10.1.0.77,4,3,1,75.00,0.12,12.67,18.00
662,10.1.0.147,10.1.0.114,16,16,0,100.00,0.05,8.50,11.33
663,10.1.0.11,10.1.0.114,8,1,7,12.50,0.00,20.00,0.00
664,10.1.0.15,10.1.0.114,13,3,10,23.08,0.01,7.00,16.00
665,10.1.0.77,10.1.0.114,10,0,10,0.00,0.00,0.00,0.00
666,10.1.0.152,10.1.0.114,7,0,7,0.00,0.00,0.00,0.00
667,10.1.0.103,10.1.0.114,10,10,0,100.00,0.02,24.00,19.89
668,10.1.0.45,10.1.0.6,7,7,0,100.00,0.02,2.29,1.67
669,10.1.0.126,10.1.0.6,5,4,1,80.00,0.01,258.25,341.67
670,10.1.0.126,10.1.0.152,10,10,0,100.00,0.03,29.40,27.11
671,10.1.0.147,10.1.0.15,7,7,0,100.00,0.03,9.29,9.83
672,10.1.0.6,10.1.0.45,7,7,0,100.00,0.01,10.57,10.33
673,10.1.0.6,10.1.0.114,16,16,0,100.00,0.04,14.62,21.67
674,10.1.0.147,10.1.0.11,3,3,0,100.00,0.03,7.33,8.00
675,10.1.0.114,10.1.0.103,9,9,0,100.00,0.02,7.33,5.75
676,10.1.0.134,10.1.0.47,6,6,0,100.00,0.02,9.17,7.40
677,10.1.0.39,10.1.0.47,6,6,0,100.00,0.02,14.83,12.80
678,10.1.0.46,10.1.0.47,10,10,0,100.00,0.03,13.50,11.33
679,10.1.0.46,10.1.0.155,17,17,0,100.00,0.05,26.71,28.50
680,10.1.0.49,10.1.0.47,11,11,0,100.00,0.03,12.45,18.50
681,10.1.0.23,10.1.0.47,8,8,0,100.00,0.02,9.62,5.14
682,10.1.0.23,10.1.0.155,33,33,0,100.00,0.10,11.82,13.97
683,10.1.0.12,10.1.0.47,17,17,0,100.00,0.05,12.41,10.38
684,10.1.0.112,10.1.0.47,7,7,0,100.00,0.03,14.71,12.83
685,10.1.0.155,10.1.0.47,6,1,5,16.67,0.00,148.00,0.00
686,10.1.0.80,10.1.0.47,9,0,9,0.00,0.00,0.00,0.00
687,10.1.0.47,10.1.0.23,12,11,1,91.67,0.03,15.55,12.10
688,10.1.0.47,10.1.0.39,7,7,0,100.00,0.02,9.43,11.50
689,10.1.0.47,10.1.0.12,15,15,0,100.00,0.04,11.53,11.07
690,10.1.0.61,10.1.0.17,7,6,1,85.71,0.02,415.00,204.20
691,10.1.0.61,10.1.0.155,10,9,1,90.00,0.03,23.22,41.88
692,10.1.0.47,10.1.0.134,11,11,0,100.00,0.02,6.91,6.10
693,10.1.0.47,10.1.0.112,8,8,0,100.00,0.02,15.75,7.00
694,10.1.0.47,10.1.0.49,10,10,0,100.00,0.03,12.60,15.33
695,10.1.0.47,10.1.0.46,11,11,0,100.00,0.03,10.18,4.80
696,10.1.0.47,10.1.0.17,10,10,0,100.00,0.03,12.20,9.11
697,10.1.0.46,10.1.0.17,8,8,0,100.00,0.02,17.88,16.29
698,10.1.0.39,10.1.0.17,6,2,4,33.33,0.01,43.00,41.00
699,10.1.0.23,10.1.0.17,6,6,0,100.00,0.02,15.00,16.00
700,10.1.0.12,10.1.0.17,10,4,6,40.00,0.01,43.25,47.67
701,10.1.0.155,10.1.0.17,6,6,0,100.00,0.02,21.83,22.40
702,10.1.0.49,10.1.0.17,10,10,0,100.00,0.02,23.30,10.78
703,10.1.0.80,10.1.0.17,11,10,1,90.91,0.03,8.20,8.00
704,10.1.0.131,10.1.0.112,8,7,1,87.50,0.02,16.29,23.00
705,10.1.0.17,10.1.0.23,7,7,0,100.00,0.02,8.86,10.67
706,10.1.0.17,10.1.0.46,7,7,0,100.00,0.02,26.29,34.17
707,10.1.0.112,10.1.0.17,12,12,0,100.00,0.03,13.25,19.91
708,10.1.0.17,10.1.0.49,12,12,0,100.00,0.03,14.50,19.64
709,10.1.0.112,10.1.0.131,8,8,0,100.00,0.02,20.00,17.43
710,10.1.0.17,10.1.0.80,9,7,2,77.78,0.02,55.86,24.50
711,10.1.0.100,10.1.0.61,8,6,2,75.00,0.02,9.00,8.80
712,10.1.0.100,10.1.0.155,16,16,0,100.00,0.05,18.25,15.60
713,10.1.0.66,10.1.0.61,6,4,2,66.67,0.01,7.25,8.00
714,10.1.0.66,10.1.0.155,4,4,0,100.00,0.01,268.50,337.00
715,10.1.0.155,10.1.0.61,2,2,0,100.00,0.01,12.00,9.00
716,10.1.0.23,10.1.0.61,4,4,0,100.00,0.01,11.25,17.00
717,10.1.0.12,10.1.0.61,4,4,0,100.00,0.01,138.50,181.33
718,10.1.0.46,10.1.0.61,3,3,0,100.00,0.01,21.33,15.00
719,10.1.0.39,10.1.0.61,2,2,0,100.00,0.01,18.50,33.00
720,10.1.0.148,10.1.0.61,2,1,1,50.00,0.00,87.00,0.00
721,10.1.0.148,10.1.0.155,19,18,1,94.74,0.05,37.89,27.24
722,10.1.0.17,10.1.0.61,5,5,0,100.00,0.01,10.00,12.50
723,10.1.0.17,10.1.0.155,19,19,0,100.00,0.06,26.74,28.06
724,10.1.0.136,10.1.0.61,4,4,0,100.00,0.01,42.25,79.33
725,10.1.0.136,10.1.0.155,23,22,1,95.65,0.06,26.77,30.00
726,10.1.0.47,10.1.0.137,6,6,0,100.00,0.02,90.83,108.40
727,10.1.0.49,10.1.0.137,11,11,0,100.00,0.03,10.91,13.90
728,10.1.0.112,10.1.0.137,6,6,0,100.00,0.02,12.50,12.40
729,10.1.0.80,10.1.0.134,14,14,0,100.00,0.04,8.36,5.62
730,10.1.0.137,10.1.0.61,6,6,0,100.00,0.02,414.00,205.40
731,10.1.0.134,10.1.0.80,8,8,0,100.00,0.02,15.50,19.71
732,10.1.0.134,10.1.0.61,8,8,0,100.00,0.03,6.50,3.57
733,10.1.0.61,10.1.0.23,6,6,0,100.00,0.01,7.50,3.20
734,10.1.0.61,10.1.0.39,2,2,0,100.00,0.00,7.50,14.00
735,10.1.0.61,10.1.0.46,5,5,0,100.00,0.01,13.80,25.00
736,10.1.0.61,10.1.0.136,6,6,0,100.00,0.01,252.17,308.00
737,10.1.0.137,10.1.0.49,15,15,0,100.00,0.04,17.60,25.50
738,10.1.0.49,10.1.0.112,11,11,0,100.00,0.03,25.73,24.20
739,10.1.0.134,10.1.0.112,12,12,0,100.00,0.04,13.67,13.55
740,10.1.0.137,10.1.0.112,7,7,0,100.00,0.02,120.43,134.33
741,10.1.0.39,10.1.0.112,10,10,0,100.00,0.02,11.40,7.67
742,10.1.0.17,10.1.0.112,9,9,0,100.00,0.03,29.89,45.88
743,10.1.0.12,10.1.0.112,9,8,1,88.89,0.02,47.38,38.14
744,10.1.0.23,10.1.0.112,4,3,1,75.00,0.01,17.33,12.00
745,10.1.0.155,10.1.0.112,8,8,0,100.00,0.03,69.00,57.14
746,10.1.0.46,10.1.0.112,6,1,5,16.67,0.00,61.00,0.00
747,10.1.0.112,10.1.0.39,8,8,0,100.00,0.02,29.62,28.57
748,10.1.0.112,10.1.0.23,6,6,0,100.00,0.02,30.33,26.00
749,10.1.0.112,10.1.0.134,10,10,0,100.00,0.02,24.00,24.33
750,10.1.0.112,10.1.0.49,8,8,0,100.00,0.02,10.50,19.29
751,10.1.0.80,10.1.0.136,9,9,0,100.00,0.02,18.00,18.88
752,10.1.0.80,10.1.0.112,13,13,0,100.00,0.03,12.54,12.25
753,10.1.0.61,10.1.0.12,7,7,0,100.00,0.02,163.71,173.50
754,10.1.0.112,10.1.0.12,10,10,0,100.00,0.03,16.80,18.67
755,10.1.0.17,10.1.0.47,9,9,0,100.00,0.03,7.78,8.62
756,10.1.0.80,10.1.0.116,2,2,0,100.00,0.03,33.50,12.00
757,10.1.0.156,10.1.0.116,7,7,0,100.00,0.02,19.43,10.00
758,10.1.0.95,10.1.0.116,11,5,6,45.45,0.01,215.40,258.50
759,10.1.0.79,10.1.0.116,8,3,5,37.50,0.01,43.67,7.50
760,10.1.0.54,10.1.0.116,6,3,3,50.00,0.01,362.67,495.00
761,10.1.0.129,10.1.0.116,16,16,0,100.00,0.05,42.25,25.80
762,10.1.0.124,10.1.0.166,2,2,0,100.00,0.01,38.00,10.00
763,10.1.0.111,10.1.0.166,4,4,0,100.00,0.02,20.50,31.33
764,10.1.0.41,10.1.0.166,7,7,0,100.00,0.02,6.43,7.67
765,10.1.0.166,10.1.0.111,6,6,0,100.00,0.02,193.67,217.00
766,10.1.0.166,10.1.0.3,5,5,0,100.00,0.03,7.40,10.00
767,10.1.0.166,10.1.0.41,5,3,2,60.00,0.01,349.33,497.50
768,10.1.0.58,10.1.0.116,10,10,0,100.00,0.03,21.70,26.56
769,10.1.0.166,10.1.0.124,4,4,0,100.00,0.01,20.00,30.67
770,10.1.0.80,10.1.0.131,6,6,0,100.00,0.02,29.17,29.20
771,10.1.0.95,10.1.0.131,17,17,0,100.00,0.05,59.24,63.19
772,10.1.0.129,10.1.0.131,14,14,0,100.00,0.04,23.00,30.69
773,10.1.0.49,10.1.0.131,9,6,3,66.67,0.02,512.50,208.60
774,10.1.0.11,10.1.0.31,5,5,0,100.00,0.02,18.40,20.50
775,10.1.0.155,10.1.0.116,6,5,1,83.33,0.01,40.20,29.25
776,10.1.0.155,10.1.0.49,10,10,0,100.00,0.03,21.90,30.22
777,10.1.0.129,10.1.0.79,6,6,0,100.00,0.02,31.33,28.40
778,10.1.0.95,10.1.0.79,6,6,0,100.00,0.02,13.50,4.40
779,10.1.0.58,10.1.0.79,3,3,0,100.00,0.01,11.00,13.00
780,10.1.0.59,10.1.0.11,1,1,0,100.00,0.38,1003.00,0.00
781,10.1.0.11,10.1.0.58,3,3,0,100.00,0.04,15.33,13.50
782,10.1.0.11,10.1.0.95,3,3,0,100.00,0.14,32.33,81.00
783,10.1.0.131,10.1.0.79,5,1,4,20.00,0.00,1001.00,0.00
784,10.1.0.121,10.1.0.114,3,0,3,0.00,0.00,0.00,0.00
785,10.1.0.116,10.1.0.114,5,5,0,100.00,0.03,201.20,251.25
786,10.1.0.116,10.1.0.79,6,6,0,100.00,0.02,31.83,26.40
787,10.1.0.114,10.1.0.131,9,9,0,100.00,0.02,24.67,30.12
788,10.1.0.114,10.1.0.11,9,9,0,100.00,0.03,3.11,2.88
789,10.1.0.145,10.1.0.51,4,4,0,100.00,0.02,2.25,2.67
790,10.1.0.145,10.1.0.79,1,1,0,100.00,0.19,2005.00,0.00
791,10.1.0.51,10.1.0.145,3,3,0,100.00,0.01,4.67,6.00
792,10.1.0.156,10.1.0.79,5,5,0,100.00,0.02,4.20,5.25
793,10.1.0.31,10.1.0.11,6,6,0,100.00,0.03,41.67,27.40
794,10.1.0.49,10.1.0.147,1,1,0,100.00,15.82,24.00,0.00
795,10.1.0.49,10.1.0.121,12,11,1,91.67,0.08,168.09,94.00
796,10.1.0.155,10.1.0.134,4,4,0,100.00,0.01,29.00,24.67
797,10.1.0.129,10.1.0.54,3,3,0,100.00,0.01,44.67,45.50
798,10.1.0.129,10.1.0.95,2,2,0,100.00,0.03,58.00,47.00
799,10.1.0.131,10.1.0.95,22,22,0,100.00,0.05,53.00,50.81
800,10.1.0.31,10.1.0.95,10,10,0,100.00,0.03,99.50,109.67
801,10.1.0.116,10.1.0.95,7,4,3,57.14,0.01,6.75,8.00
802,10.1.0.114,10.1.0.80,7,6,1,85.71,0.02,47.83,38.40
803,10.1.0.129,10.1.0.121,15,11,4,73.33,0.03,70.55,30.70
804,10.1.0.59,10.1.0.121,11,11,0,100.00,0.03,95.09,103.70
805,10.1.0.129,10.1.0.111,8,8,0,100.00,0.03,30.62,22.43
806,10.1.0.112,10.1.0.114,4,4,0,100.00,0.05,4.25,6.67
807,10.1.0.112,10.1.0.129,4,4,0,100.00,0.01,25.25,24.33
808,10.1.0.114,10.1.0.116,5,4,1,80.00,0.02,268.50,334.00
809,10.1.0.25,10.1.0.5,11,11,0,100.00,0.02,6.18,8.10
810,10.1.0.25,10.1.0.151,8,8,0,100.00,0.02,8.12,8.29
811,10.1.0.151,10.1.0.5,4,4,0,100.00,0.07,9.50,6.67
812,10.1.0.150,10.1.0.5,4,4,0,100.00,0.06,2.75,4.33
813,10.1.0.150,10.1.0.151,7,7,0,100.00,0.02,7.43,7.67
814,10.1.0.139,10.1.0.5,7,7,0,100.00,0.09,21.86,11.83
815,10.1.0.139,10.1.0.151,8,8,0,100.00,0.02,18.25,14.86
816,10.1.0.135,10.1.0.5,8,8,0,100.00,0.05,15.00,14.57
817,10.1.0.135,10.1.0.151,3,3,0,100.00,0.01,6.33,6.50
818,10.1.0.82,10.1.0.5,6,0,6,0.00,0.00,0.00,0.00
819,10.1.0.82,10.1.0.151,4,4,0,100.00,0.02,6.75,8.33
820,10.1.0.143,10.1.0.5,6,0,6,0.00,0.00,0.00,0.00
821,10.1.0.143,10.1.0.151,5,5,0,100.00,0.01,13.20,20.25
822,10.1.0.5,10.1.0.150,2,2,0,100.00,7.61,26.00,23.00
823,10.1.0.151,10.1.0.150,1,1,0,100.00,17.77,21.00,0.00
824,10.1.0.139,10.1.0.150,1,1,0,100.00,6.44,59.00,0.00
825,10.1.0.135,10.1.0.150,1,1,0,100.00,27.62,13.00,0.00
826,10.1.0.82,10.1.0.150,3,3,0,100.00,0.01,334.33,496.50
827,10.1.0.143,10.1.0.150,2,2,0,100.00,0.01,3.00,5.00
828,10.1.0.48,10.1.0.137,7,5,2,71.43,0.02,252.00,274.00
829,10.1.0.48,10.1.0.151,2,2,0,100.00,0.01,32.00,61.00
830,10.1.0.5,10.1.0.151,11,11,0,100.00,0.03,8.27,7.20
831,10.1.0.5,10.1.0.25,3,3,0,100.00,0.04,36.00,56.00
832,10.1.0.5,10.1.0.135,3,3,0,100.00,0.01,8.33,12.00
833,10.1.0.151,10.1.0.135,1,1,0,100.00,25.35,15.00,0.00
834,10.1.0.150,10.1.0.135,1,1,0,100.00,18.16,21.00,0.00
835,10.1.0.139,10.1.0.135,1,1,0,100.00,15.59,24.00,0.00
836,10.1.0.82,10.1.0.135,1,1,0,100.00,54.26,7.00,0.00
837,10.1.0.143,10.1.0.135,1,1,0,100.00,28.64,13.00,0.00
838,10.1.0.81,10.1.0.25,1,1,0,100.00,11.90,32.00,0.00
839,10.1.0.81,10.1.0.135,2,2,0,100.00,0.04,501.00,1001.00
840,10.1.0.48,10.1.0.25,2,2,0,100.00,0.01,23.00,30.00
841,10.1.0.48,10.1.0.135,1,1,0,100.00,11.46,33.00,0.00
842,10.1.0.5,10.1.0.139,3,3,0,100.00,16.44,41.67,1.00
843,10.1.0.25,10.1.0.81,1,1,0,100.00,44.52,5.00,0.00
844,10.1.0.25,10.1.0.48,6,6,0,100.00,0.02,6.67,4.40
845,10.1.0.137,10.1.0.48,2,2,0,100.00,0.01,6.50,5.00
846,10.1.0.49,10.1.0.5,8,8,0,100.00,0.02,26.38,44.00
847,10.1.0.6,10.1.0.15,4,4,0,100.00,0.02,15.00,2.67
848,10.1.0.103,10.1.0.15,4,4,0,100.00,0.02,19.75,12.33
849,10.1.0.45,10.1.0.15,4,4,0,100.00,0.06,10.50,6.67
850,10.1.0.77,10.1.0.15,4,4,0,100.00,0.02,12.25,9.67
851,10.1.0.114,10.1.0.15,8,8,0,100.00,0.02,21.62,29.57
852,10.1.0.152,10.1.0.15,2,2,0,100.00,0.01,24.50,8.00
853,10.1.0.15,10.1.0.45,3,3,0,100.00,0.01,8.33,5.50
854,10.1.0.15,10.1.0.77,3,2,1,66.67,0.01,15.00,21.00
855,10.1.0.15,10.1.0.103,3,3,0,100.00,0.01,14.00,13.50
856,10.1.0.114,10.1.0.77,3,3,0,100.00,0.06,16.33,15.00
857,10.1.0.31,10.1.0.15,3,2,1,66.67,8.76,13.50,26.00
858,10.1.0.31,10.1.0.77,1,1,0,100.00,0.38,1001.00,0.00
859,10.1.0.15,10.1.0.31,4,3,1,75.00,0.04,32.33,35.00
860,10.1.0.32,10.1.0.102,7,7,0,100.00,0.02,8.14,11.83
861,10.1.0.161,10.1.0.102,5,5,0,100.00,0.02,15.60,10.50
862,10.1.0.67,10.1.0.102,7,7,0,100.00,0.01,12.71,14.33
863,10.1.0.130,10.1.0.102,5,5,0,100.00,0.02,8.20,10.00
864,10.1.0.102,10.1.0.32,6,6,0,100.00,0.02,10.50,15.20
865,10.1.0.102,10.1.0.67,5,4,1,80.00,0.01,13.75,7.00
866,10.1.0.110,10.1.0.67,4,4,0,100.00,0.01,7.75,8.00
867,10.1.0.161,10.1.0.67,6,6,0,100.00,0.01,9.83,5.00
868,10.1.0.166,10.1.0.67,1,1,0,100.00,7.84,48.00,0.00
869,10.1.0.130,10.1.0.67,6,6,0,100.00,0.01,241.00,193.60
870,10.1.0.35,10.1.0.30,6,6,0,100.00,0.03,12.33,14.80
871,10.1.0.6,10.1.0.147,3,0,3,0.00,0.00,0.00,0.00
872,10.1.0.45,10.1.0.77,2,0,2,0.00,0.00,0.00,0.00
873,10.1.0.109,10.1.0.104,4,4,0,100.00,0.02,266.50,333.67
874,10.1.0.76,10.1.0.84,1,1,0,100.00,23.65,16.00,0.00
875,10.1.0.35,10.1.0.32,2,2,0,100.00,1.85,13.00,25.00
876,10.1.0.4,10.1.0.84,1,1,0,100.00,44.73,8.00,0.00
877,10.1.0.152,10.1.0.77,4,4,0,100.00,0.08,10.50,6.00
878,10.1.0.103,10.1.0.77,4,0,4,0.00,0.00,0.00,0.00
879,10.1.0.6,10.1.0.77,3,3,0,100.00,0.06,14.33,6.00
880,10.1.0.97,10.1.0.78,14,14,0,100.00,0.03,10.14,15.23
881,10.1.0.97,10.1.0.161,12,9,3,75.00,0.02,9.89,12.12
882,10.1.0.3,10.1.0.122,5,5,0,100.00,0.03,201.00,251.25
883,10.1.0.3,10.1.0.67,1,1,0,100.00,16.90,22.00,0.00
884,10.1.0.161,10.1.0.32,3,3,0,100.00,0.02,12.33,11.50
885,10.1.0.30,10.1.0.32,6,6,0,100.00,0.04,20.17,21.00
886,10.1.0.83,10.1.0.32,3,0,3,0.00,0.00,0.00,0.00
887,10.1.0.16,10.1.0.32,7,1,6,14.29,0.00,9.00,0.00
888,10.1.0.78,10.1.0.166,6,6,0,100.00,0.04,502.33,207.40
889,10.1.0.78,10.1.0.67,3,3,0,100.00,0.01,6.67,9.50
890,10.1.0.78,10.1.0.83,5,4,1,80.00,0.01,23.25,32.33
891,10.1.0.32,10.1.0.30,4,4,0,100.00,0.02,5.50,5.67
892,10.1.0.122,10.1.0.3,8,8,0,100.00,0.05,2.25,3.43
893,10.1.0.166,10.1.0.122,2,2,0,100.00,0.02,11.50,12.00
894,10.1.0.155,10.1.0.12,9,9,0,100.00,0.03,8.22,12.12
895,10.1.0.23,10.1.0.12,7,7,0,100.00,0.02,18.43,17.83
896,10.1.0.134,10.1.0.12,6,6,0,100.00,0.02,12.17,10.60
897,10.1.0.49,10.1.0.12,20,20,0,100.00,0.06,17.10,16.16
898,10.1.0.12,10.1.0.23,10,8,2,80.00,0.02,13.12,14.86
899,10.1.0.12,10.1.0.134,6,6,0,100.00,0.02,14.83,14.80
900,10.1.0.155,10.1.0.23,8,8,0,100.00,0.03,9.38,8.14
901,10.1.0.17,10.1.0.12,8,8,0,100.00,0.02,14.38,11.43
902,10.1.0.12,10.1.0.49,13,13,0,100.00,0.04,31.08,22.67
903,10.1.0.46,10.1.0.12,6,6,0,100.00,0.02,11.50,10.80
904,10.1.0.80,10.1.0.12,6,6,0,100.00,0.01,12.83,7.80
905,10.1.0.12,10.1.0.46,6,5,1,83.33,0.01,36.60,45.75
906,10.1.0.155,10.1.0.46,5,5,0,100.00,0.02,13.00,8.75
907,10.1.0.12,10.1.0.80,8,8,0,100.00,0.02,63.00,47.14
908,10.1.0.39,10.1.0.137,4,4,0,100.00,0.01,13.25,11.67
909,10.1.0.134,10.1.0.137,3,3,0,100.00,0.05,11.00,9.00
910,10.1.0.23,10.1.0.137,4,4,0,100.00,0.01,15.25,11.00
911,10.1.0.12,10.1.0.137,11,10,1,90.91,0.03,8.20,7.89
912,10.1.0.155,10.1.0.137,4,1,3,25.00,0.00,28.00,0.00
913,10.1.0.61,10.1.0.137,9,7,2,77.78,0.03,161.86,180.50
914,10.1.0.31,10.1.0.137,3,3,0,100.00,0.01,68.33,74.00
915,10.1.0.137,10.1.0.47,8,8,0,100.00,0.02,13.75,12.86
916,10.1.0.137,10.1.0.23,6,5,1,83.33,0.02,14.60,15.25
917,10.1.0.137,10.1.0.134,3,2,1,66.67,0.04,14.50,10.00
918,10.1.0.137,10.1.0.12,7,7,0,100.00,0.02,14.00,7.50
919,10.1.0.137,10.1.0.39,5,5,0,100.00,0.01,19.60,7.50
920,10.1.0.80,10.1.0.100,11,11,0,100.00,0.03,3.91,4.10
921,10.1.0.80,10.1.0.137,8,8,0,100.00,0.02,10.25,14.86
922,10.1.0.137,10.1.0.17,8,8,0,100.00,0.02,15.12,15.57
923,10.1.0.137,10.1.0.80,9,8,1,88.89,0.02,108.25,76.57
924,10.1.0.134,10.1.0.17,8,8,0,100.00,0.02,13.50,10.71
925,10.1.0.31,10.1.0.25,1,1,0,100.00,41.59,9.00,0.00
926,10.1.0.48,10.1.0.17,3,3,0,100.00,0.04,21.33,31.00
927,10.1.0.17,10.1.0.134,4,3,1,75.00,0.05,7.67,8.00
928,10.1.0.17,10.1.0.137,5,5,0,100.00,0.01,6.80,6.00
929,10.1.0.39,10.1.0.46,5,5,0,100.00,0.01,24.00,19.75
930,10.1.0.23,10.1.0.46,4,4,0,100.00,0.01,33.00,32.33
931,10.1.0.137,10.1.0.46,7,7,0,100.00,0.02,46.29,51.50
932,10.1.0.134,10.1.0.46,6,6,0,100.00,0.02,10.50,8.40
933,10.1.0.49,10.1.0.46,11,4,7,36.36,0.01,394.50,363.00
934,10.1.0.112,10.1.0.46,4,4,0,100.00,0.01,257.00,335.67
935,10.1.0.80,10.1.0.46,9,8,1,88.89,0.02,5.62,7.86
936,10.1.0.46,10.1.0.134,4,4,0,100.00,0.06,10.25,2.67
937,10.1.0.46,10.1.0.23,13,13,0,100.00,0.04,7.85,6.50
938,10.1.0.46,10.1.0.39,5,5,0,100.00,0.01,29.60,29.50
939,10.1.0.31,10.1.0.116,5,5,0,100.00,0.02,208.40,260.75
940,10.1.0.3,10.1.0.156,11,11,0,100.00,0.04,34.36,16.30
941,10.1.0.147,10.1.0.95,2,2,0,100.00,0.04,11.00,13.00
942,10.1.0.147,10.1.0.49,5,4,1,80.00,0.08,738.75,328.33
943,10.1.0.12,10.1.0.116,3,3,0,100.00,0.01,23.67,35.00
944,10.1.0.95,10.1.0.121,9,9,0,100.00,0.03,135.78,156.38
945,10.1.0.12,10.1.0.121,6,6,0,100.00,0.02,34.67,37.60
946,10.1.0.114,10.1.0.121,1,1,0,100.00,3.47,110.00,0.00
947,10.1.0.156,10.1.0.58,3,3,0,100.00,0.01,383.33,552.50
948,10.1.0.111,10.1.0.58,3,3,0,100.00,0.01,28.67,39.50
949,10.1.0.147,10.1.0.58,2,2,0,100.00,0.01,585.00,808.00
950,10.1.0.124,10.1.0.41,5,5,0,100.00,0.01,204.60,252.25
951,10.1.0.7,10.1.0.41,3,3,0,100.00,0.01,65.00,54.50
952,10.1.0.3,10.1.0.41,6,6,0,100.00,0.01,27.83,38.20
953,10.1.0.147,10.1.0.131,6,6,0,100.00,0.02,187.83,210.40
954,10.1.0.12,10.1.0.131,15,15,0,100.00,0.04,17.80,8.14
955,10.1.0.124,10.1.0.79,8,8,0,100.00,0.02,125.25,142.57
956,10.1.0.131,10.1.0.116,10,10,0,100.00,0.03,10.80,15.56
957,10.1.0.41,10.1.0.124,6,6,0,100.00,0.01,7.33,8.20
958,10.1.0.41,10.1.0.40,3,3,0,100.00,0.01,334.00,500.00
959,10.1.0.79,10.1.0.124,6,6,0,100.00,0.01,5.50,5.00
960,10.1.0.136,10.1.0.74,1,1,0,100.00,33.74,11.00,0.00
961,10.1.0.136,10.1.0.156,26,24,2,92.31,0.09,77.71,60.57
962,10.1.0.124,10.1.0.122,1,1,0,100.00,0.39,987.00,0.00
963,10.1.0.74,10.1.0.136,4,4,0,100.00,0.01,47.75,21.33
964,10.1.0.40,10.1.0.3,7,7,0,100.00,0.04,8.57,17.00
965,10.1.0.122,10.1.0.124,1,1,0,100.00,0.24,1013.00,0.00
966,10.1.0.166,10.1.0.89,2,2,0,100.00,0.02,16.00,24.00
967,10.1.0.16,10.1.0.130,3,3,0,100.00,2.53,6.00,10.00
968,10.1.0.114,10.1.0.147,11,11,0,100.00,0.03,6.64,7.30
969,10.1.0.129,10.1.0.147,2,2,0,100.00,0.70,899.00,206.00
970,10.1.0.129,10.1.0.152,1,1,0,100.00,9.84,39.00,0.00
971,10.1.0.95,10.1.0.147,2,2,0,100.00,3.52,12.00,23.00
972,10.1.0.95,10.1.0.152,3,3,0,100.00,0.02,1015.67,1493.00
973,10.1.0.11,10.1.0.77,3,3,0,100.00,0.01,12.33,16.50
974,10.1.0.121,10.1.0.112,4,4,0,100.00,0.01,39.25,21.00
975,10.1.0.136,10.1.0.116,7,7,0,100.00,0.02,18.86,24.17
976,10.1.0.148,10.1.0.116,6,6,0,100.00,0.02,36.67,52.40
977,10.1.0.100,10.1.0.116,8,7,1,87.50,0.02,26.43,30.00
978,10.1.0.116,10.1.0.136,5,5,0,100.00,0.02,19.60,12.25
979,10.1.0.129,10.1.0.112,7,6,1,85.71,0.02,1432.00,577.00
980,10.1.0.112,10.1.0.80,11,11,0,100.00,0.03,29.36,30.60
981,10.1.0.116,10.1.0.100,12,12,0,100.00,0.04,109.25,127.27
982,10.1.0.116,10.1.0.148,4,4,0,100.00,0.01,17.50,10.67
983,10.1.0.112,10.1.0.121,12,12,0,100.00,0.03,48.08,43.45
984,10.1.0.45,10.1.0.151,4,4,0,100.00,0.01,6.00,10.33
985,10.1.0.151,10.1.0.45,4,4,0,100.00,0.01,7.50,6.67
986,10.1.0.151,10.1.0.49,3,3,0,100.00,0.01,348.00,518.50
987,10.1.0.77,10.1.0.103,1,1,0,100.00,19.69,19.00,0.00
988,10.1.0.152,10.1.0.103,1,0,1,0.00,0.00,0.00,0.00
989,10.1.0.25,10.1.0.114,5,5,0,100.00,0.92,807.20,501.75
990,10.1.0.25,10.1.0.103,2,0,2,0.00,0.00,0.00,0.00
991,10.1.0.5,10.1.0.103,3,3,0,100.00,0.01,337.33,504.00
992,10.1.0.6,10.1.0.103,4,4,0,100.00,0.01,27.75,36.67
993,10.1.0.45,10.1.0.103,2,2,0,100.00,0.01,46.50,92.00
994,10.1.0.151,10.1.0.147,2,2,0,100.00,0.75,994.00,61.00
995,10.1.0.151,10.1.0.103,4,4,0,100.00,0.01,9.00,11.00
996,10.1.0.150,10.1.0.82,3,3,0,100.00,0.01,12.00,6.50
997,10.1.0.150,10.1.0.103,2,2,0,100.00,0.01,58.00,52.00
998,10.1.0.135,10.1.0.82,3,2,1,66.67,0.01,4.00,2.00
999,10.1.0.135,10.1.0.103,3,3,0,100.00,0.01,670.67,1005.50
1000,10.1.0.139,10.1.0.82,4,4,0,100.00,0.01,512.00,668.67
1001,10.1.0.139,10.1.0.103,2,2,0,100.00,0.01,1519.00,2965.00
1002,10.1.0.82,10.1.0.49,9,9,0,100.00,0.04,16.67,10.38
1003,10.1.0.15,10.1.0.5,4,4,0,100.00,0.02,37.75,28.33
1004,10.1.0.77,10.1.0.5,3,3,0,100.00,0.01,51.00,43.00
1005,10.1.0.6,10.1.0.5,7,7,0,100.00,0.03,28.86,35.17
1006,10.1.0.103,10.1.0.5,3,3,0,100.00,0.01,34.67,34.00
1007,10.1.0.82,10.1.0.112,3,2,1,66.67,0.26,2458.00,1037.00
1008,10.1.0.151,10.1.0.112,4,4,0,100.00,1.46,249.75,316.67
1009,10.1.0.45,10.1.0.5,3,3,0,100.00,0.01,22.00,31.50
1010,10.1.0.114,10.1.0.6,3,3,0,100.00,0.86,18.00,14.00
1011,10.1.0.103,10.1.0.6,4,4,0,100.00,0.01,29.50,33.33
1012,10.1.0.151,10.1.0.6,4,4,0,100.00,0.71,3.50,4.33
1013,10.1.0.114,10.1.0.49,12,12,0,100.00,0.04,22.08,18.55
1014,10.1.0.112,10.1.0.151,4,4,0,100.00,0.01,25.75,26.00
1015,10.1.0.147,10.1.0.112,2,2,0,100.00,0.76,971.00,67.00
1016,10.1.0.147,10.1.0.151,7,7,0,100.00,0.05,12.14,11.17
1017,10.1.0.25,10.1.0.112,1,1,0,100.00,0.38,1001.00,0.00
1018,10.1.0.5,10.1.0.112,1,1,0,100.00,0.13,3008.00,0.00
1019,10.1.0.15,10.1.0.112,5,5,0,100.00,0.01,18.60,15.25
1020,10.1.0.15,10.1.0.151,6,6,0,100.00,0.04,10.83,13.00
1021,10.1.0.103,10.1.0.151,3,3,0,100.00,0.03,56.00,34.50
1022,10.1.0.6,10.1.0.151,11,11,0,100.00,0.03,10.55,9.60
1023,10.1.0.77,10.1.0.6,3,2,1,66.67,0.11,14.50,9.00
1024,10.1.0.77,10.1.0.129,2,2,0,100.00,0.01,1545.00,2932.00
1025,10.1.0.151,10.1.0.15,1,1,0,100.00,49.44,7.00,0.00
1026,10.1.0.112,10.1.0.15,7,6,1,85.71,0.02,336.33,402.40
1027,10.1.0.114,10.1.0.112,6,6,0,100.00,0.03,4.67,3.80
1028,10.1.0.95,10.1.0.112,2,2,0,100.00,0.01,489.50,750.00
1029,10.1.0.95,10.1.0.15,2,0,2,0.00,0.00,0.00,0.00
1030,10.1.0.129,10.1.0.15,2,0,2,0.00,0.00,0.00,0.00
1031,10.1.0.112,10.1.0.95,4,3,1,75.00,0.01,401.00,601.00
1032,10.1.0.112,10.1.0.25,1,0,1,0.00,0.00,0.00,0.00
1033,10.1.0.114,10.1.0.25,5,4,1,80.00,0.01,303.50,371.67
1034,10.1.0.112,10.1.0.147,2,2,0,100.00,8.33,56.00,0.00
1035,10.1.0.82,10.1.0.139,2,2,0,100.00,0.01,15.50,30.00
1036,10.1.0.82,10.1.0.25,2,2,0,100.00,0.02,38.00,75.00
1037,10.1.0.147,10.1.0.31,4,4,0,100.00,0.02,19.25,16.33
1038,10.1.0.147,10.1.0.25,4,4,0,100.00,0.02,37.00,21.33
1039,10.1.0.15,10.1.0.25,2,2,0,100.00,0.74,1031.50,1.00
1040,10.1.0.151,10.1.0.25,3,3,0,100.00,22.55,22.33,16.50
1041,10.1.0.151,10.1.0.82,2,2,0,100.00,0.02,10.50,5.00
1042,10.1.0.31,10.1.0.147,4,4,0,100.00,0.02,4.00,6.67
1043,10.1.0.80,10.1.0.121,13,13,0,100.00,0.05,11.08,11.08
1044,10.1.0.46,10.1.0.137,5,5,0,100.00,0.02,11.00,8.00
1045,10.1.0.100,10.1.0.46,9,9,0,100.00,0.03,13.89,12.75
1046,10.1.0.112,10.1.0.82,1,0,1,0.00,0.00,0.00,0.00
1047,10.1.0.49,10.1.0.82,3,3,0,100.00,0.03,348.67,491.00
1048,10.1.0.114,10.1.0.31,5,5,0,100.00,0.02,22.20,22.00
1049,10.1.0.95,10.1.0.31,1,1,0,100.00,4.53,84.00,0.00
1050,10.1.0.129,10.1.0.31,6,6,0,100.00,0.03,14.83,26.60
1051,10.1.0.15,10.1.0.11,3,3,0,100.00,0.02,9.33,11.50
1052,10.1.0.5,10.1.0.45,3,3,0,100.00,0.01,513.67,461.00
1053,10.1.0.5,10.1.0.49,9,9,0,100.00,0.02,317.44,125.62
1054,10.1.0.155,10.1.0.136,5,5,0,100.00,0.02,222.80,248.25
1055,10.1.0.23,10.1.0.121,4,3,1,75.00,0.01,46.67,16.50
1056,10.1.0.134,10.1.0.121,8,6,2,75.00,0.02,45.83,41.80
1057,10.1.0.121,10.1.0.12,11,11,0,100.00,0.04,31.73,19.10
1058,10.1.0.121,10.1.0.136,18,15,3,83.33,0.05,17.27,9.57
1059,10.1.0.31,10.1.0.114,6,6,0,100.00,0.02,6.50,4.60
1060,10.1.0.121,10.1.0.23,4,4,0,100.00,0.01,18.50,39.67
1061,10.1.0.136,10.1.0.121,19,19,0,100.00,0.07,13.63,17.89
1062,10.1.0.23,10.1.0.134,5,5,0,100.00,0.02,53.20,57.00
1063,10.1.0.49,10.1.0.134,8,8,0,100.00,0.03,40.75,51.71
1064,10.1.0.121,10.1.0.134,3,2,1,66.67,0.01,293.50,586.00
1065,10.1.0.136,10.1.0.134,1,1,0,100.00,13.54,28.00,0.00
1066,10.1.0.131,10.1.0.134,7,7,0,100.00,0.03,299.86,178.83
1067,10.1.0.134,10.1.0.23,5,5,0,100.00,0.02,22.00,15.75
1068,10.1.0.15,10.1.0.49,6,5,1,83.33,0.01,118.40,157.75
1069,10.1.0.6,10.1.0.49,3,2,1,66.67,0.02,506.00,991.00
1070,10.1.0.23,10.1.0.39,5,5,0,100.00,0.02,17.40,22.25
1071,10.1.0.12,10.1.0.39,5,5,0,100.00,0.02,24.60,23.75
1072,10.1.0.155,10.1.0.39,4,4,0,100.00,0.02,138.50,176.67
1073,10.1.0.134,10.1.0.39,4,4,0,100.00,0.02,35.00,33.33
1074,10.1.0.17,10.1.0.39,3,3,0,100.00,0.01,32.00,47.00
1075,10.1.0.49,10.1.0.39,9,9,0,100.00,0.03,30.56,34.88
1076,10.1.0.80,10.1.0.39,7,6,1,85.71,0.02,15.17,9.20
1077,10.1.0.121,10.1.0.39,5,5,0,100.00,0.02,51.20,55.25
1078,10.1.0.136,10.1.0.39,8,8,0,100.00,0.03,148.12,150.29
1079,10.1.0.131,10.1.0.39,3,3,0,100.00,0.01,332.00,473.50
1080,10.1.0.114,10.1.0.129,7,7,0,100.00,0.02,42.57,38.17
1081,10.1.0.152,10.1.0.11,2,2,0,100.00,0.01,5.50,8.00
1082,10.1.0.152,10.1.0.129,2,2,0,100.00,0.50,1392.00,49.00
1083,10.1.0.39,10.1.0.12,3,3,0,100.00,0.01,4.00,3.50
1084,10.1.0.39,10.1.0.23,14,14,0,100.00,0.06,5.43,4.00
1085,10.1.0.39,10.1.0.49,9,9,0,100.00,0.03,14.56,16.12
1086,10.1.0.131,10.1.0.147,1,1,0,100.00,14.58,16.00,0.00
1087,10.1.0.31,10.1.0.39,5,4,1,80.00,0.02,23.75,19.67
1088,10.1.0.134,10.1.0.49,10,10,0,100.00,0.03,5.10,6.44
1089,10.1.0.39,10.1.0.134,3,3,0,100.00,0.01,32.33,46.00
1090,10.1.0.23,10.1.0.100,3,3,0,100.00,0.01,124.00,172.50
1091,10.1.0.46,10.1.0.100,2,2,0,100.00,0.01,92.00,34.00
1092,10.1.0.112,10.1.0.5,1,1,0,100.00,22.46,10.00,0.00
1093,10.1.0.100,10.1.0.23,5,5,0,100.00,0.02,21.60,26.75
1094,10.1.0.121,10.1.0.95,7,7,0,100.00,0.03,38.71,51.67
1095,10.1.0.98,10.1.0.27,2,0,2,0.00,0.00,0.00,0.00
1096,10.1.0.98,10.1.0.158,12,12,0,100.00,0.72,9.58,10.73
1097,10.1.0.108,10.1.0.27,2,2,0,100.00,0.01,17.00,29.00
1098,10.1.0.108,10.1.0.158,32,32,0,100.00,0.13,7.72,9.45
1099,10.1.0.87,10.1.0.27,1,0,1,0.00,0.00,0.00,0.00
1100,10.1.0.87,10.1.0.158,7,7,0,100.00,0.44,7.57,9.33
1101,10.1.0.38,10.1.0.27,2,0,2,0.00,0.00,0.00,0.00
1102,10.1.0.38,10.1.0.158,15,15,0,100.00,0.06,10.93,9.21
1103,10.1.0.158,10.1.0.27,2,0,2,0.00,0.00,0.00,0.00
1104,10.1.0.44,10.1.0.27,2,0,2,0.00,0.00,0.00,0.00
1105,10.1.0.44,10.1.0.158,16,16,0,100.00,0.07,6.44,9.80
1106,10.1.0.50,10.1.0.62,2,2,0,100.00,0.01,24.50,23.00
1107,10.1.0.50,10.1.0.158,18,18,0,100.00,0.07,29.11,18.24
1108,10.1.0.21,10.1.0.62,3,3,0,100.00,0.01,346.00,495.00
1109,10.1.0.21,10.1.0.158,12,12,0,100.00,0.05,9.33,6.18
1110,10.1.0.115,10.1.0.62,4,4,0,100.00,0.02,259.25,334.00
1111,10.1.0.115,10.1.0.158,13,13,0,100.00,0.05,16.69,14.42
1112,10.1.0.26,10.1.0.140,4,4,0,100.00,0.02,5.50,6.00
1113,10.1.0.26,10.1.0.158,12,12,0,100.00,0.05,13.42,16.00
1114,10.1.0.34,10.1.0.140,4,4,0,100.00,0.02,17.50,14.00
1115,10.1.0.34,10.1.0.158,20,20,0,100.00,0.08,16.25,20.84
1116,10.1.0.64,10.1.0.10,9,8,1,88.89,0.04,17.62,17.57
1117,10.1.0.64,10.1.0.158,11,10,1,90.91,0.04,19.50,20.89
1118,10.1.0.101,10.1.0.10,3,3,0,100.00,0.22,34.67,29.50
1119,10.1.0.101,10.1.0.158,8,7,1,87.50,0.51,32.71,11.50
1120,10.1.0.140,10.1.0.34,6,6,0,100.00,0.02,333.83,206.00
1121,10.1.0.140,10.1.0.27,3,3,0,100.00,0.01,9.67,7.00
1122,10.1.0.140,10.1.0.26,4,4,0,100.00,0.01,7.75,9.67
1123,10.1.0.10,10.1.0.101,5,5,0,100.00,0.29,4.20,2.25
1124,10.1.0.10,10.1.0.72,6,5,1,83.33,0.02,401.40,257.75
1125,10.1.0.27,10.1.0.108,12,10,2,83.33,0.04,419.50,234.89
1126,10.1.0.62,10.1.0.50,8,8,0,100.00,0.03,11.25,15.71
1127,10.1.0.62,10.1.0.27,8,8,0,100.00,0.03,2.88,2.43
1128,10.1.0.62,10.1.0.72,4,4,0,100.00,0.02,11.50,9.33
1129,10.1.0.98,10.1.0.72,3,3,0,100.00,0.01,321.00,478.00
1130,10.1.0.27,10.1.0.72,3,3,0,100.00,0.01,350.67,517.00
1131,10.1.0.108,10.1.0.75,4,4,0,100.00,0.02,28.75,33.33
1132,10.1.0.50,10.1.0.113,2,2,0,100.00,0.01,19.00,23.00
1133,10.1.0.10,10.1.0.64,9,9,0,100.00,0.07,5.78,5.00
1134,10.1.0.140,10.1.0.29,5,5,0,100.00,0.02,9.20,8.75
1135,10.1.0.87,10.1.0.29,3,3,0,100.00,0.01,29.00,27.50
1136,10.1.0.115,10.1.0.29,2,0,2,0.00,0.00,0.00,0.00
1137,10.1.0.21,10.1.0.29,2,0,2,0.00,0.00,0.00,0.00
1138,10.1.0.75,10.1.0.108,14,13,1,92.86,0.05,24.00,25.92
1139,10.1.0.75,10.1.0.72,4,3,1,75.00,0.18,15.33,19.50
1140,10.1.0.29,10.1.0.72,4,4,0,100.00,0.02,508.25,333.67
1141,10.1.0.29,10.1.0.87,6,4,2,66.67,0.19,29.75,33.00
1142,10.1.0.113,10.1.0.50,3,2,1,66.67,0.00,4.50,8.00
1143,10.1.0.113,10.1.0.72,2,2,0,100.00,0.01,17.00,26.00
1144,10.1.0.116,10.1.0.58,12,12,0,100.00,0.04,22.17,32.27
1145,10.1.0.111,10.1.0.41,8,8,0,100.00,0.03,13.25,14.86
1146,10.1.0.14,10.1.0.52,1,1,0,100.00,31.28,12.00,0.00
1147,10.1.0.14,10.1.0.154,2,2,0,100.00,0.01,1.50,2.00
1148,10.1.0.72,10.1.0.52,1,1,0,100.00,0.78,489.00,0.00
1149,10.1.0.72,10.1.0.154,1,1,0,100.00,23.35,16.00,0.00
1150,10.1.0.62,10.1.0.52,1,1,0,100.00,44.58,8.00,0.00
1151,10.1.0.62,10.1.0.154,1,1,0,100.00,372.69,1.00,0.00
1152,10.1.0.154,10.1.0.52,1,1,0,100.00,14.16,27.00,0.00
1153,10.1.0.52,10.1.0.62,1,1,0,100.00,19.19,12.00,0.00
1154,10.1.0.52,10.1.0.14,1,1,0,100.00,17.26,13.00,0.00
1155,10.1.0.59,10.1.0.116,8,8,0,100.00,0.03,137.38,149.00
1156,10.1.0.72,10.1.0.98,6,6,0,100.00,0.34,3.50,2.60
1157,10.1.0.62,10.1.0.21,3,3,0,100.00,0.01,8.33,9.50
1158,10.1.0.62,10.1.0.115,3,2,1,66.67,2.96,29.00,40.00
1159,10.1.0.72,10.1.0.27,2,2,0,100.00,72.46,9.50,0.00
1160,10.1.0.52,10.1.0.72,1,1,0,100.00,32.25,7.00,0.00
1161,10.1.0.136,10.1.0.12,11,11,0,100.00,0.04,14.91,17.00
1162,10.1.0.116,10.1.0.12,4,3,1,75.00,0.01,71.00,53.00
1163,10.1.0.100,10.1.0.12,13,13,0,100.00,0.04,80.15,86.58
1164,10.1.0.12,10.1.0.136,12,12,0,100.00,0.05,32.58,24.73
1165,10.1.0.80,10.1.0.49,8,8,0,100.00,0.02,13.25,12.29
1166,10.1.0.21,10.1.0.115,3,3,0,100.00,0.01,16.00,13.50
1167,10.1.0.140,10.1.0.115,4,4,0,100.00,0.01,12.75,6.00
1168,10.1.0.50,10.1.0.115,3,3,0,100.00,0.01,27.67,41.00
1169,10.1.0.26,10.1.0.115,3,3,0,100.00,0.01,23.67,30.00
1170,10.1.0.87,10.1.0.115,4,4,0,100.00,0.01,12.50,17.67
1171,10.1.0.34,10.1.0.115,3,3,0,100.00,0.01,51.33,124.00
1172,10.1.0.44,10.1.0.115,1,1,0,100.00,26.87,14.00,0.00
1173,10.1.0.158,10.1.0.115,3,3,0,100.00,0.01,281.00,413.50
1174,10.1.0.38,10.1.0.115,3,3,0,100.00,0.03,21.33,17.00
1175,10.1.0.10,10.1.0.115,1,1,0,100.00,19.01,20.00,0.00
1176,10.1.0.98,10.1.0.115,1,1,0,100.00,11.47,33.00,0.00
1177,10.1.0.101,10.1.0.115,2,2,0,100.00,0.12,20.00,35.00
1178,10.1.0.108,10.1.0.115,2,0,2,0.00,0.00,0.00,0.00
1179,10.1.0.72,10.1.0.115,1,1,0,100.00,0.43,897.00,0.00
1180,10.1.0.29,10.1.0.115,1,1,0,100.00,6.01,63.00,0.00
1181,10.1.0.115,10.1.0.44,1,1,0,100.00,9.78,24.00,0.00
1182,10.1.0.115,10.1.0.34,4,4,0,100.00,0.01,7.00,8.33
1183,10.1.0.115,10.1.0.21,2,2,0,100.00,0.13,19.50,20.00
1184,10.1.0.115,10.1.0.50,2,2,0,100.00,0.01,18.50,20.00
1185,10.1.0.115,10.1.0.38,2,2,0,100.00,0.28,19.00,12.00
1186,10.1.0.115,10.1.0.98,2,2,0,100.00,0.01,17.00,14.00
1187,10.1.0.115,10.1.0.87,4,4,0,100.00,0.02,9.00,9.33
1188,10.1.0.115,10.1.0.101,2,2,0,100.00,0.12,11.00,19.00
1189,10.1.0.115,10.1.0.26,2,2,0,100.00,0.01,7.50,8.00
1190,10.1.0.108,10.1.0.64,6,6,0,100.00,0.03,18.00,17.40
1191,10.1.0.38,10.1.0.64,6,6,0,100.00,0.06,137.83,160.80
1192,10.1.0.158,10.1.0.64,5,5,0,100.00,0.05,29.20,19.50
1193,10.1.0.44,10.1.0.64,3,3,0,100.00,0.03,268.33,387.00
1194,10.1.0.34,10.1.0.64,9,0,9,0.00,0.00,0.00,0.00
1195,10.1.0.75,10.1.0.33,7,7,0,100.00,0.02,3.43,3.67
1196,10.1.0.27,10.1.0.33,1,1,0,100.00,0.50,765.00,0.00
1197,10.1.0.72,10.1.0.94,1,1,0,100.00,0.48,796.00,0.00
1198,10.1.0.64,10.1.0.108,6,5,1,83.33,0.04,22.60,30.75
1199,10.1.0.64,10.1.0.38,6,5,1,83.33,0.04,67.80,74.25
1200,10.1.0.64,10.1.0.44,3,3,0,100.00,0.02,2.67,3.00
1201,10.1.0.94,10.1.0.33,7,7,0,100.00,0.03,12.57,17.83
1202,10.1.0.12,10.1.0.100,3,3,0,100.00,0.01,39.33,62.50
1203,10.1.0.57,10.1.0.85,2,2,0,100.00,0.02,5.50,10.00
1204,10.1.0.162,10.1.0.85,1,1,0,100.00,0.38,1003.00,0.00
1205,10.1.0.8,10.1.0.64,4,4,0,100.00,0.02,7.50,9.67
1206,10.1.0.8,10.1.0.162,2,2,0,100.00,0.10,1.00,2.00
1207,10.1.0.85,10.1.0.57,2,2,0,100.00,0.02,8.00,6.00
1208,10.1.0.64,10.1.0.34,4,4,0,100.00,0.04,12.75,12.00
1209,10.1.0.34,10.1.0.85,3,3,0,100.00,0.03,2.00,1.00
1210,10.1.0.11,10.1.0.15,2,2,0,100.00,0.02,1507.50,2987.00
1211,10.1.0.49,10.1.0.15,5,5,0,100.00,0.01,422.20,531.00
1212,10.1.0.49,10.1.0.151,4,4,0,100.00,0.01,13.50,11.33
1213,10.1.0.25,10.1.0.49,3,3,0,100.00,0.01,20.67,37.00
1214,10.1.0.129,10.1.0.77,3,3,0,100.00,0.01,9.33,10.00
1215,10.1.0.77,10.1.0.31,6,6,0,100.00,0.02,167.33,200.40
1216,10.1.0.49,10.1.0.25,2,2,0,100.00,0.01,52.00,82.00
1217,10.1.0.153,10.1.0.56,1,1,0,100.00,30.25,12.00,0.00
1218,10.1.0.55,10.1.0.56,1,1,0,100.00,39.81,9.00,0.00
1219,10.1.0.55,10.1.0.153,6,6,0,100.00,4.06,2.17,2.20
1220,10.1.0.68,10.1.0.56,1,1,0,100.00,21.51,17.00,0.00
1221,10.1.0.68,10.1.0.153,3,3,0,100.00,2.21,8.33,8.00
1222,10.1.0.94,10.1.0.56,2,2,0,100.00,3.33,15.00,22.00
1223,10.1.0.94,10.1.0.153,1,1,0,100.00,16.67,23.00,0.00
1224,10.1.0.91,10.1.0.56,1,0,1,0.00,0.00,0.00,0.00
1225,10.1.0.91,10.1.0.153,4,4,0,100.00,2.88,4.00,4.00
1226,10.1.0.56,10.1.0.55,1,1,0,100.00,22.58,10.00,0.00
1227,10.1.0.56,10.1.0.68,1,1,0,100.00,24.14,9.00,0.00
1228,10.1.0.56,10.1.0.94,3,3,0,100.00,0.01,22.00,52.00
1229,10.1.0.108,10.1.0.38,3,3,0,100.00,0.03,20.33,15.50
1230,10.1.0.158,10.1.0.38,3,3,0,100.00,0.03,31.33,32.50
1231,10.1.0.44,10.1.0.38,1,1,0,100.00,47.95,8.00,0.00
1232,10.1.0.98,10.1.0.38,1,1,0,100.00,12.44,30.00,0.00
1233,10.1.0.34,10.1.0.38,3,2,1,66.67,0.02,11.00,20.00
1234,10.1.0.26,10.1.0.38,1,1,0,100.00,25.42,15.00,0.00
1235,10.1.0.87,10.1.0.38,1,0,1,0.00,0.00,0.00,0.00
1236,10.1.0.21,10.1.0.38,2,2,0,100.00,0.23,14.00,8.00
1237,10.1.0.72,10.1.0.38,2,2,0,100.00,0.01,503.00,1003.00
1238,10.1.0.27,10.1.0.38,1,1,0,100.00,8.39,45.00,0.00
1239,10.1.0.62,10.1.0.38,1,0,1,0.00,0.00,0.00,0.00
1240,10.1.0.50,10.1.0.38,3,3,0,100.00,0.01,27.00,40.00
1241,10.1.0.101,10.1.0.38,1,1,0,100.00,6.36,60.00,0.00
1242,10.1.0.38,10.1.0.44,1,1,0,100.00,9.01,26.00,0.00
1243,10.1.0.29,10.1.0.140,5,5,0,100.00,0.02,14.60,26.00
1244,10.1.0.113,10.1.0.140,3,3,0,100.00,0.01,344.00,500.50
1245,10.1.0.38,10.1.0.26,1,1,0,100.00,10.62,22.00,0.00
1246,10.1.0.38,10.1.0.21,2,2,0,100.00,0.23,25.00,1.00
1247,10.1.0.38,10.1.0.34,3,3,0,100.00,0.03,15.67,12.50
1248,10.1.0.38,10.1.0.108,6,6,0,100.00,0.02,13.00,16.60
1249,10.1.0.38,10.1.0.98,1,1,0,100.00,14.38,16.00,0.00
1250,10.1.0.140,10.1.0.38,6,6,0,100.00,0.02,8.33,5.60
1251,10.1.0.38,10.1.0.101,1,1,0,100.00,22.06,10.00,0.00
1252,10.1.0.38,10.1.0.50,3,3,0,100.00,0.01,13.00,20.00
1253,10.1.0.87,10.1.0.140,5,5,0,100.00,0.02,9.40,9.50
1254,10.1.0.50,10.1.0.140,2,2,0,100.00,0.01,26.50,36.00
1255,10.1.0.21,10.1.0.140,4,4,0,100.00,0.02,13.00,13.33
1256,10.1.0.115,10.1.0.140,2,2,0,100.00,0.01,27.50,22.00
1257,10.1.0.98,10.1.0.140,3,3,0,100.00,0.01,20.67,20.50
1258,10.1.0.72,10.1.0.140,4,4,0,100.00,0.02,9.00,12.33
1259,10.1.0.44,10.1.0.140,3,0,3,0.00,0.00,0.00,0.00
1260,10.1.0.62,10.1.0.140,4,4,0,100.00,0.02,225.50,297.33
1261,10.1.0.158,10.1.0.140,4,4,0,100.00,0.02,22.25,23.67
1262,10.1.0.38,10.1.0.140,3,3,0,100.00,0.01,819.67,1226.50
1263,10.1.0.108,10.1.0.140,3,3,0,100.00,0.01,30.33,3.50
1264,10.1.0.27,10.1.0.140,6,0,6,0.00,0.00,0.00,0.00
1265,10.1.0.10,10.1.0.140,4,4,0,100.00,0.02,13.50,20.33
1266,10.1.0.94,10.1.0.14,1,1,0,100.00,21.44,17.00,0.00
1267,10.1.0.94,10.1.0.72,4,3,1,75.00,0.01,956.33,1418.00
1268,10.1.0.75,10.1.0.14,3,3,0,100.00,0.01,18.67,27.50
1269,10.1.0.14,10.1.0.29,4,3,1,75.00,0.01,10.33,26.50
1270,10.1.0.140,10.1.0.108,3,2,1,66.67,0.01,22.00,5.00
1271,10.1.0.140,10.1.0.87,6,6,0,100.00,0.02,13.00,11.80
1272,10.1.0.140,10.1.0.21,4,4,0,100.00,0.01,14.75,3.00
1273,10.1.0.140,10.1.0.98,3,3,0,100.00,0.01,17.33,2.00
1274,10.1.0.140,10.1.0.50,2,2,0,100.00,0.01,13.50,3.00
1275,10.1.0.56,10.1.0.37,1,1,0,100.00,26.50,14.00,0.00
1276,10.1.0.56,10.1.0.153,3,3,0,100.00,9.97,5.00,4.00
1277,10.1.0.153,10.1.0.37,1,1,0,100.00,0.70,544.00,0.00
1278,10.1.0.55,10.1.0.37,1,1,0,100.00,64.50,5.00,0.00
1279,10.1.0.68,10.1.0.37,1,1,0,100.00,35.06,10.00,0.00
1280,10.1.0.37,10.1.0.55,3,3,0,100.00,9.82,6.00,7.50
1281,10.1.0.37,10.1.0.68,1,1,0,100.00,9.27,25.00,0.00
1282,10.1.0.37,10.1.0.56,1,1,0,100.00,27.01,8.00,0.00
1283,10.1.0.91,10.1.0.9,1,1,0,100.00,34.25,11.00,0.00
1284,10.1.0.9,10.1.0.91,3,3,0,100.00,22.21,1.33,1.50
1285,10.1.0.9,10.1.0.118,1,1,0,100.00,44.54,8.00,0.00
1286,10.1.0.118,10.1.0.37,1,1,0,100.00,35.42,10.00,0.00
1287,10.1.0.37,10.1.0.65,1,1,0,100.00,27.45,13.00,0.00
1288,10.1.0.56,10.1.0.65,1,1,0,100.00,25.42,15.00,0.00
1289,10.1.0.153,10.1.0.65,1,1,0,100.00,28.89,13.00,0.00
1290,10.1.0.55,10.1.0.65,1,1,0,100.00,13.11,29.00,0.00
1291,10.1.0.68,10.1.0.65,1,1,0,100.00,19.62,19.00,0.00
1292,10.1.0.118,10.1.0.65,1,1,0,100.00,0.39,981.00,0.00
1293,10.1.0.118,10.1.0.9,1,1,0,100.00,24.20,15.00,0.00
1294,10.1.0.9,10.1.0.142,1,1,0,100.00,48.60,7.00,0.00
1295,10.1.0.65,10.1.0.56,1,1,0,100.00,8.28,28.00,0.00
1296,10.1.0.65,10.1.0.68,1,1,0,100.00,9.55,25.00,0.00
1297,10.1.0.142,10.1.0.22,1,1,0,100.00,101.58,3.00,0.00
1298,10.1.0.22,10.1.0.65,1,1,0,100.00,23.69,16.00,0.00
1299,10.1.0.55,10.1.0.94,1,1,0,100.00,24.83,15.00,0.00
1300,10.1.0.65,10.1.0.55,1,1,0,100.00,14.87,16.00,0.00
1301,10.1.0.153,10.1.0.14,1,0,1,0.00,0.00,0.00,0.00
1302,10.1.0.94,10.1.0.55,1,1,0,100.00,21.28,11.00,0.00
1303,10.1.0.65,10.1.0.75,1,1,0,100.00,0.40,968.00,0.00
1304,10.1.0.65,10.1.0.153,1,1,0,100.00,152.04,2.00,0.00
1305,10.1.0.56,10.1.0.75,1,1,0,100.00,25.41,15.00,0.00
1306,10.1.0.37,10.1.0.75,1,1,0,100.00,38.22,10.00,0.00
1307,10.1.0.75,10.1.0.94,3,3,0,100.00,1.20,3.33,2.50
1308,10.1.0.75,10.1.0.56,1,1,0,100.00,52.23,4.00,0.00
1309,10.1.0.136,10.1.0.148,3,3,0,100.00,0.01,8.67,12.50
1310,10.1.0.155,10.1.0.148,3,3,0,100.00,0.01,20.67,3.50
1311,10.1.0.12,10.1.0.148,3,3,0,100.00,0.01,10.33,8.50
1312,10.1.0.23,10.1.0.148,3,3,0,100.00,0.01,365.33,497.50
1313,10.1.0.49,10.1.0.80,10,10,0,100.00,0.03,28.90,24.11
1314,10.1.0.148,10.1.0.12,3,3,0,100.00,0.01,36.67,36.00
1315,10.1.0.148,10.1.0.136,3,3,0,100.00,0.01,20.00,19.50
1316,10.1.0.80,10.1.0.148,11,11,0,100.00,0.04,4.18,5.80
1317,10.1.0.75,10.1.0.65,1,1,0,100.00,59.59,4.00,0.00
1318,10.1.0.140,10.1.0.158,7,7,0,100.00,0.03,9.14,4.17
1319,10.1.0.21,10.1.0.87,4,4,0,100.00,0.02,11.50,12.00
1320,10.1.0.98,10.1.0.87,3,3,0,100.00,0.01,17.33,21.00
1321,10.1.0.44,10.1.0.87,4,4,0,100.00,0.01,15.00,13.33
1322,10.1.0.50,10.1.0.87,2,2,0,100.00,0.01,26.50,24.00
1323,10.1.0.158,10.1.0.87,3,3,0,100.00,0.01,11.33,9.00
1324,10.1.0.38,10.1.0.87,4,1,3,25.00,0.00,8.00,0.00
1325,10.1.0.108,10.1.0.87,3,3,0,100.00,0.01,46.33,51.50
1326,10.1.0.26,10.1.0.87,5,5,0,100.00,0.02,221.40,252.75
1327,10.1.0.34,10.1.0.87,5,5,0,100.00,0.02,56.80,27.00
1328,10.1.0.29,10.1.0.14,3,3,0,100.00,0.01,22.33,21.00
1329,10.1.0.27,10.1.0.87,2,2,0,100.00,0.01,40.50,19.00
1330,10.1.0.14,10.1.0.72,4,4,0,100.00,0.01,762.25,667.33
1331,10.1.0.14,10.1.0.75,6,5,1,83.33,0.02,17.00,14.25
1332,10.1.0.10,10.1.0.87,3,3,0,100.00,0.01,25.33,34.50
1333,10.1.0.87,10.1.0.44,2,2,0,100.00,0.01,11.00,14.00
1334,10.1.0.87,10.1.0.21,3,3,0,100.00,0.01,7.00,8.50
1335,10.1.0.87,10.1.0.108,4,0,4,0.00,0.00,0.00,0.00
1336,10.1.0.87,10.1.0.98,1,1,0,100.00,15.30,15.00,0.00
1337,10.1.0.87,10.1.0.50,2,2,0,100.00,0.01,7.50,12.00
1338,10.1.0.87,10.1.0.34,3,3,0,100.00,0.01,2.00,2.50
1339,10.1.0.148,10.1.0.23,3,3,0,100.00,0.01,62.00,101.50
1340,10.1.0.26,10.1.0.21,1,1,0,100.00,11.70,32.00,0.00
1341,10.1.0.44,10.1.0.21,1,1,0,100.00,28.95,13.00,0.00
1342,10.1.0.34,10.1.0.21,1,1,0,100.00,6.27,61.00,0.00
1343,10.1.0.50,10.1.0.21,2,2,0,100.00,0.01,19.50,37.00
1344,10.1.0.158,10.1.0.21,1,1,0,100.00,7.30,52.00,0.00
1345,10.1.0.10,10.1.0.21,1,1,0,100.00,15.21,25.00,0.00
1346,10.1.0.98,10.1.0.21,2,2,0,100.00,0.01,31.50,61.00
1347,10.1.0.108,10.1.0.21,1,1,0,100.00,6.39,60.00,0.00
1348,10.1.0.101,10.1.0.21,2,2,0,100.00,0.62,874.00,255.00
1349,10.1.0.29,10.1.0.21,1,1,0,100.00,5.09,75.00,0.00
1350,10.1.0.72,10.1.0.21,5,5,0,100.00,1.72,9.40,6.50
1351,10.1.0.21,10.1.0.44,1,1,0,100.00,11.33,21.00,0.00
1352,10.1.0.21,10.1.0.26,1,1,0,100.00,9.44,25.00,0.00
1353,10.1.0.21,10.1.0.50,2,2,0,100.00,0.01,12.50,15.00
1354,10.1.0.87,10.1.0.26,3,3,0,100.00,0.01,5.00,6.50
1355,10.1.0.21,10.1.0.108,3,3,0,100.00,0.01,16.33,9.00
1356,10.1.0.21,10.1.0.34,1,1,0,100.00,39.27,6.00,0.00
1357,10.1.0.21,10.1.0.98,2,2,0,100.00,0.01,13.50,11.00
1358,10.1.0.26,10.1.0.57,1,1,0,100.00,0.48,804.00,0.00
1359,10.1.0.21,10.1.0.101,3,3,0,100.00,0.04,3.33,4.00
1360,10.1.0.27,10.1.0.75,1,1,0,100.00,20.07,19.00,0.00
1361,10.1.0.98,10.1.0.75,1,1,0,100.00,0.48,797.00,0.00
1362,10.1.0.101,10.1.0.57,2,2,0,100.00,85.65,4.50,5.00
1363,10.1.0.72,10.1.0.75,2,2,0,100.00,367.02,0.50,0.00
1364,10.1.0.75,10.1.0.27,4,4,0,100.00,0.02,2.00,1.33
1365,10.1.0.57,10.1.0.26,1,1,0,100.00,18.33,13.00,0.00
1366,10.1.0.75,10.1.0.98,1,1,0,100.00,11.91,20.00,0.00
1367,10.1.0.72,10.1.0.87,3,3,0,100.00,0.01,14.67,5.00
1368,10.1.0.67,10.1.0.32,5,5,0,100.00,0.01,219.40,252.25
1369,10.1.0.8,10.1.0.32,2,2,0,100.00,0.03,502.00,999.00
1370,10.1.0.32,10.1.0.67,5,5,0,100.00,0.01,3.00,2.75
1371,10.1.0.60,10.1.0.78,2,2,0,100.00,0.01,512.50,978.00
1372,10.1.0.60,10.1.0.160,2,2,0,100.00,0.01,13.00,25.00
1373,10.1.0.160,10.1.0.78,2,2,0,100.00,0.01,29.00,0.00
1374,10.1.0.3,10.1.0.160,4,4,0,100.00,0.06,252.25,334.33
1375,10.1.0.7,10.1.0.122,1,1,0,100.00,25.19,15.00,0.00
1376,10.1.0.7,10.1.0.160,2,2,0,100.00,0.03,17.50,14.00
1377,10.1.0.40,10.1.0.99,1,1,0,100.00,0.38,1002.00,0.00
1378,10.1.0.73,10.1.0.160,2,2,0,100.00,0.03,10.00,17.00
1379,10.1.0.122,10.1.0.7,1,1,0,100.00,34.86,6.00,0.00
1380,10.1.0.99,10.1.0.73,4,4,0,100.00,0.02,6.75,12.67
1381,10.1.0.99,10.1.0.122,3,3,0,100.00,0.08,2.00,2.50
1382,10.1.0.78,10.1.0.60,2,2,0,100.00,0.00,2.00,3.00
1383,10.1.0.99,10.1.0.40,1,1,0,100.00,13.57,17.00,0.00
1384,10.1.0.131,10.1.0.49,3,3,0,100.00,0.02,362.00,543.00
1385,10.1.0.104,10.1.0.57,4,4,0,100.00,0.34,7.50,8.67
1386,10.1.0.162,10.1.0.57,2,2,0,100.00,20.84,6.50,1.00
1387,10.1.0.85,10.1.0.162,2,2,0,100.00,1.02,15.50,20.00
1388,10.1.0.84,10.1.0.57,2,2,0,100.00,20.25,13.50,13.00
1389,10.1.0.57,10.1.0.104,5,5,0,100.00,0.38,11.80,7.75
1390,10.1.0.162,10.1.0.84,1,1,0,100.00,37.32,10.00,0.00
1391,10.1.0.30,10.1.0.84,1,1,0,100.00,0.38,1001.00,0.00
1392,10.1.0.35,10.1.0.64,1,1,0,100.00,0.38,1003.00,0.00
1393,10.1.0.139,10.1.0.143,1,1,0,100.00,10.27,37.00,0.00
1394,10.1.0.150,10.1.0.143,1,1,0,100.00,24.48,15.00,0.00
1395,10.1.0.151,10.1.0.143,1,1,0,100.00,79.40,4.00,0.00
1396,10.1.0.45,10.1.0.143,2,2,0,100.00,0.01,7.00,13.00
1397,10.1.0.25,10.1.0.135,1,1,0,100.00,29.27,13.00,0.00
1398,10.1.0.6,10.1.0.135,1,1,0,100.00,21.93,17.00,0.00
1399,10.1.0.103,10.1.0.135,2,2,0,100.00,0.01,23.50,46.00
1400,10.1.0.143,10.1.0.45,2,2,0,100.00,0.01,1018.50,1972.00
1401,10.1.0.135,10.1.0.143,4,4,0,100.00,32.91,4.25,4.00
1402,10.1.0.135,10.1.0.25,1,1,0,100.00,29.32,8.00,0.00
1403,10.1.0.135,10.1.0.6,1,1,0,100.00,38.86,6.00,0.00
1404,10.1.0.143,10.1.0.139,1,1,0,100.00,34.55,6.00,0.00
1405,10.1.0.25,10.1.0.82,7,7,0,100.00,0.04,147.29,166.83
1406,10.1.0.5,10.1.0.82,9,8,1,88.89,0.04,12.00,18.43
1407,10.1.0.143,10.1.0.82,3,3,0,100.00,0.02,16.00,13.00
1408,10.1.0.147,10.1.0.80,10,7,3,70.00,0.03,295.86,227.83
1409,10.1.0.49,10.1.0.6,1,1,0,100.00,10.50,22.00,0.00
1410,10.1.0.82,10.1.0.143,1,1,0,100.00,24.40,9.00,0.00
1411,10.1.0.82,10.1.0.48,2,2,0,100.00,0.02,17.00,34.00
1412,10.1.0.151,10.1.0.48,2,2,0,100.00,0.02,19.00,36.00
1413,10.1.0.135,10.1.0.48,2,1,1,50.00,0.45,850.00,0.00
1414,10.1.0.49,10.1.0.48,2,2,0,100.00,0.02,46.00,1.00
1415,10.1.0.150,10.1.0.48,2,1,1,50.00,21.59,17.00,0.00
1416,10.1.0.139,10.1.0.43,3,3,0,100.00,0.02,12.00,10.50
1417,10.1.0.143,10.1.0.43,3,3,0,100.00,0.02,621.67,922.00
1418,10.1.0.8,10.1.0.104,1,1,0,100.00,12.94,29.00,0.00
1419,10.1.0.162,10.1.0.104,1,0,1,0.00,0.00,0.00,0.00
1420,10.1.0.48,10.1.0.150,1,1,0,100.00,10.33,23.00,0.00
1421,10.1.0.85,10.1.0.34,1,1,0,100.00,23.65,16.00,0.00
1422,10.1.0.16,10.1.0.30,2,2,0,100.00,0.01,4.00,7.00
1423,10.1.0.43,10.1.0.139,2,2,0,100.00,0.62,826.50,354.00
1424,10.1.0.43,10.1.0.48,11,11,0,100.00,0.07,2.00,1.90
1425,10.1.0.17,10.1.0.48,5,5,0,100.00,0.04,23.20,20.75
1426,10.1.0.48,10.1.0.82,1,1,0,100.00,23.13,10.00,0.00
1427,10.1.0.104,10.1.0.109,1,0,1,0.00,0.00,0.00,0.00
1428,10.1.0.143,10.1.0.128,1,1,0,100.00,20.34,18.00,0.00
1429,10.1.0.135,10.1.0.128,1,1,0,100.00,52.83,7.00,0.00
1430,10.1.0.139,10.1.0.128,1,1,0,100.00,19.15,20.00,0.00
1431,10.1.0.150,10.1.0.128,1,1,0,100.00,81.41,4.00,0.00
1432,10.1.0.151,10.1.0.128,1,1,0,100.00,21.62,17.00,0.00
1433,10.1.0.43,10.1.0.128,1,1,0,100.00,0.59,645.00,0.00
1434,10.1.0.82,10.1.0.128,1,1,0,100.00,16.97,22.00,0.00
1435,10.1.0.128,10.1.0.150,1,1,0,100.00,12.12,19.00,0.00
1436,10.1.0.48,10.1.0.81,1,1,0,100.00,63.24,6.00,0.00
1437,10.1.0.81,10.1.0.48,5,5,0,100.00,0.03,4.00,4.50
1438,10.1.0.81,10.1.0.128,1,1,0,100.00,20.26,18.00,0.00
1439,10.1.0.128,10.1.0.143,1,1,0,100.00,18.27,13.00,0.00
1440,10.1.0.128,10.1.0.139,1,1,0,100.00,14.72,16.00,0.00
1441,10.1.0.128,10.1.0.82,3,3,0,100.00,0.02,17.00,31.50
1442,10.1.0.67,10.1.0.16,7,6,1,85.71,0.01,282.17,199.60
1443,10.1.0.67,10.1.0.130,6,6,0,100.00,0.02,25.17,15.60
1444,10.1.0.78,10.1.0.130,3,3,0,100.00,0.01,17.33,24.50
1445,10.1.0.161,10.1.0.78,2,2,0,100.00,0.01,502.50,1002.00
1446,10.1.0.53,10.1.0.119,2,2,0,100.00,0.01,5.00,2.00
1447,10.1.0.162,10.1.0.119,2,2,0,100.00,0.01,204.50,393.00
1448,10.1.0.109,10.1.0.119,2,1,1,50.00,0.00,14.00,0.00
1449,10.1.0.84,10.1.0.119,2,1,1,50.00,0.00,1001.00,0.00
1450,10.1.0.2,10.1.0.119,2,2,0,100.00,0.01,8.50,13.00
1451,10.1.0.119,10.1.0.53,2,2,0,100.00,0.00,4.00,7.00
1452,10.1.0.80,10.1.0.147,7,7,0,100.00,0.10,1.57,0.67
1453,10.1.0.89,10.1.0.3,1,1,0,100.00,0.38,1002.00,0.00
1454,10.1.0.160,10.1.0.97,6,6,0,100.00,0.09,342.50,216.80
1455,10.1.0.7,10.1.0.166,2,2,0,100.00,0.03,19.50,27.00
1456,10.1.0.110,10.1.0.3,8,8,0,100.00,0.05,131.00,145.71
1457,10.1.0.54,10.1.0.41,4,2,2,50.00,0.01,35.00,55.00
1458,10.1.0.73,10.1.0.41,10,10,0,100.00,0.05,18.50,27.11
1459,10.1.0.43,10.1.0.143,1,1,0,100.00,30.58,7.00,0.00
1460,10.1.0.89,10.1.0.130,4,3,1,75.00,0.01,2.67,0.50
1461,10.1.0.122,10.1.0.32,3,3,0,100.00,0.01,26.33,38.50
1462,10.1.0.166,10.1.0.110,2,2,0,100.00,0.01,21.00,5.00
1463,10.1.0.3,10.1.0.110,2,2,0,100.00,0.01,11.50,16.00
1464,10.1.0.110,10.1.0.32,2,2,0,100.00,0.82,929.50,3.00
1465,10.1.0.104,10.1.0.32,2,2,0,100.00,12.78,11.50,0.00
1466,10.1.0.160,10.1.0.3,2,2,0,100.00,0.01,44.00,0.00
1467,10.1.0.7,10.1.0.40,1,1,0,100.00,26.82,14.00,0.00
1468,10.1.0.40,10.1.0.60,2,2,0,100.00,54.29,4.00,6.00
1469,10.1.0.60,10.1.0.97,2,2,0,100.00,41.21,12.50,1.00
1470,10.1.0.40,10.1.0.7,1,1,0,100.00,19.20,12.00,0.00
1471,10.1.0.10,10.1.0.158,9,9,0,100.00,0.06,31.89,40.62
1472,10.1.0.158,10.1.0.108,5,5,0,100.00,0.04,22.40,18.00
1473,10.1.0.57,10.1.0.10,1,1,0,100.00,0.38,1001.00,0.00
1474,10.1.0.108,10.1.0.10,3,3,0,100.00,1.04,334.33,500.50
1475,10.1.0.10,10.1.0.34,4,4,0,100.00,1.78,18.25,20.67
1476,10.1.0.44,10.1.0.34,1,1,0,100.00,58.31,6.00,0.00
1477,10.1.0.158,10.1.0.34,2,2,0,100.00,13.50,20.50,2.00
1478,10.1.0.108,10.1.0.34,2,2,0,100.00,13.79,18.00,4.00
1479,10.1.0.34,10.1.0.44,1,1,0,100.00,14.21,16.00,0.00
1480,10.1.0.34,10.1.0.108,4,3,1,75.00,0.02,119.67,161.00
1481,10.1.0.34,10.1.0.10,4,4,0,100.00,0.04,13.25,11.67
1482,10.1.0.38,10.1.0.10,2,2,0,100.00,19.96,29.00,12.00
1483,10.1.0.158,10.1.0.10,2,2,0,100.00,19.00,31.50,14.00
1484,10.1.0.44,10.1.0.10,1,1,0,100.00,46.23,8.00,0.00
1485,10.1.0.10,10.1.0.108,2,2,0,100.00,0.01,22.50,32.00
1486,10.1.0.10,10.1.0.44,1,1,0,100.00,0.72,334.00,0.00
1487,10.1.0.10,10.1.0.38,2,2,0,100.00,25.49,16.50,2.00
1488,10.1.0.111,10.1.0.124,4,4,0,100.00,0.01,21.25,35.33
1489,10.1.0.156,10.1.0.124,3,3,0,100.00,0.02,336.67,503.00
1490,10.1.0.124,10.1.0.111,4,4,0,100.00,0.02,6.75,14.33
1491,10.1.0.45,10.1.0.126,2,2,0,100.00,18.13,6.50,13.00
1492,10.1.0.126,10.1.0.103,2,2,0,100.00,2.22,15.00,29.00
1493,10.1.0.126,10.1.0.45,1,1,0,100.00,10.00,24.00,0.00
1494,10.1.0.95,10.1.0.114,6,6,0,100.00,0.08,6.50,7.00
1495,10.1.0.5,10.1.0.15,1,1,0,100.00,10.74,35.00,0.00
1496,10.1.0.72,10.1.0.14,3,3,0,100.00,0.02,2.00,5.50
1497,10.1.0.23,10.1.0.49,13,13,0,100.00,0.11,85.77,94.50
1498,10.1.0.46,10.1.0.49,11,11,0,100.00,0.09,26.27,29.70
1499,10.1.0.148,10.1.0.121,7,7,0,100.00,0.04,69.14,40.67
1500,10.1.0.66,10.1.0.73,11,11,0,100.00,0.07,22.73,29.40
1501,10.1.0.121,10.1.0.148,5,5,0,100.00,0.04,11.80,16.25
1502,10.1.0.73,10.1.0.66,6,6,0,100.00,0.05,11.17,13.20
1503,10.1.0.49,10.1.0.23,7,6,1,85.71,0.04,38.00,34.00
1504,10.1.0.79,10.1.0.58,3,3,0,100.00,0.04,50.33,77.00
1505,10.1.0.136,10.1.0.73,10,10,0,100.00,0.07,22.10,33.44
1506,10.1.0.73,10.1.0.136,23,23,0,100.00,0.15,15.83,17.32
1507,10.1.0.73,10.1.0.124,5,5,0,100.00,0.03,27.40,27.50
1508,10.1.0.156,10.1.0.111,2,2,0,100.00,0.04,19.00,5.00
1509,10.1.0.124,10.1.0.73,9,9,0,100.00,0.06,19.89,16.62
1510,10.1.0.79,10.1.0.111,4,4,0,100.00,0.07,23.50,29.33
1511,10.1.0.41,10.1.0.111,3,3,0,100.00,0.02,16.00,23.50
1512,10.1.0.58,10.1.0.111,1,1,0,100.00,9.66,39.00,0.00
1513,10.1.0.121,10.1.0.111,4,4,0,100.00,0.03,12.00,15.67
1514,10.1.0.131,10.1.0.111,4,3,1,75.00,0.05,334.67,501.00
1515,10.1.0.111,10.1.0.79,3,3,0,100.00,0.05,12.00,8.50
1516,10.1.0.31,10.1.0.59,1,1,0,100.00,4.21,91.00,0.00
1517,10.1.0.54,10.1.0.58,2,2,0,100.00,0.62,973.50,55.00
1518,10.1.0.31,10.1.0.58,1,1,0,100.00,12.70,30.00,0.00
1519,10.1.0.114,10.1.0.58,3,3,0,100.00,0.05,15.33,20.50
1520,10.1.0.79,10.1.0.54,6,6,0,100.00,0.10,29.83,27.80
1521,10.1.0.111,10.1.0.54,3,3,0,100.00,0.06,230.00,285.00
1522,10.1.0.156,10.1.0.54,3,3,0,100.00,0.06,66.00,37.00
1523,10.1.0.58,10.1.0.54,3,3,0,100.00,0.06,14.67,4.50
1524,10.1.0.116,10.1.0.54,4,4,0,100.00,0.03,10.50,6.33
1525,10.1.0.131,10.1.0.54,4,0,4,0.00,0.00,0.00,0.00
1526,10.1.0.41,10.1.0.54,3,3,0,100.00,0.02,24.33,29.00
1527,10.1.0.54,10.1.0.79,3,3,0,100.00,0.05,6.67,5.50
1528,10.1.0.80,10.1.0.59,1,1,0,100.00,6.97,55.00,0.00
1529,10.1.0.41,10.1.0.73,6,6,0,100.00,0.05,13.50,10.80
1530,10.1.0.131,10.1.0.136,8,7,1,87.50,0.04,13.57,15.83
1531,10.1.0.59,10.1.0.136,1,1,0,100.00,31.63,7.00,0.00
1532,10.1.0.136,10.1.0.100,7,7,0,100.00,0.05,23.86,37.67
1533,10.1.0.121,10.1.0.100,6,5,1,83.33,0.04,32.20,50.25
1534,10.1.0.100,10.1.0.73,7,7,0,100.00,0.05,48.43,44.00
1535,10.1.0.88,10.1.0.145,1,1,0,100.00,5.07,75.00,0.00
1536,10.1.0.100,10.1.0.66,1,1,0,100.00,3.63,105.00,0.00
1537,10.1.0.155,10.1.0.66,6,5,1,83.33,0.04,599.20,245.50
1538,10.1.0.88,10.1.0.51,3,3,0,100.00,0.24,20.00,29.00
1539,10.1.0.58,10.1.0.112,1,0,1,0.00,0.00,0.00,0.00
1540,10.1.0.145,10.1.0.33,3,3,0,100.00,85.16,3.67,3.50
1541,10.1.0.33,10.1.0.102,5,5,0,100.00,0.05,26.00,23.00
1542,10.1.0.100,10.1.0.121,11,10,1,90.91,0.09,26.90,30.78
1543,10.1.0.166,10.1.0.7,1,1,0,100.00,119.04,3.00,0.00
1544,10.1.0.156,10.1.0.136,1,1,0,100.00,9.24,41.00,0.00
1545,10.1.0.136,10.1.0.66,3,3,0,100.00,14.80,57.33,8.00
1546,10.1.0.134,10.1.0.131,7,7,0,100.00,0.12,17.00,25.50
1547,10.1.0.145,10.1.0.88,4,4,0,100.00,0.26,224.50,298.00
1548,10.1.0.66,10.1.0.136,1,1,0,100.00,0.38,1006.00,0.00
1549,10.1.0.66,10.1.0.100,6,6,0,100.00,0.06,171.00,203.60
1550,10.1.0.102,10.1.0.33,4,4,0,100.00,0.02,8.75,5.33
1551,10.1.0.33,10.1.0.145,2,2,0,100.00,165.80,3.00,1.00
1552,10.1.0.148,10.1.0.134,1,1,0,100.00,14.90,25.00,0.00
1553,10.1.0.54,10.1.0.111,2,2,0,100.00,0.04,22.50,29.00
1554,10.1.0.136,10.1.0.58,4,2,2,50.00,0.04,5.00,9.00
1555,10.1.0.11,10.1.0.22,1,0,1,0.00,0.00,0.00,0.00
1556,10.1.0.77,10.1.0.11,2,2,0,100.00,0.01,2.50,5.00
1557,10.1.0.77,10.1.0.22,1,1,0,100.00,0.38,1002.00,0.00
1558,10.1.0.152,10.1.0.22,1,1,0,100.00,16.55,23.00,0.00
1559,10.1.0.37,10.1.0.145,2,2,0,100.00,0.03,1002.50,2002.00
1560,10.1.0.37,10.1.0.22,1,0,1,0.00,0.00,0.00,0.00
1561,10.1.0.65,10.1.0.145,2,2,0,100.00,0.03,4.50,2.00
1562,10.1.0.65,10.1.0.22,1,1,0,100.00,24.08,15.00,0.00
1563,10.1.0.56,10.1.0.145,2,1,1,50.00,0.38,1002.00,0.00
1564,10.1.0.56,10.1.0.22,1,0,1,0.00,0.00,0.00,0.00
1565,10.1.0.145,10.1.0.65,1,1,0,100.00,26.72,8.00,0.00
1566,10.1.0.145,10.1.0.56,1,1,0,100.00,62.70,3.00,0.00
1567,10.1.0.165,10.1.0.42,1,1,0,100.00,110.40,3.00,0.00
1568,10.1.0.106,10.1.0.42,3,3,0,100.00,8.30,3.00,4.00
1569,10.1.0.106,10.1.0.165,1,1,0,100.00,1262.28,0.00,0.00
1570,10.1.0.4,10.1.0.42,1,1,0,100.00,29.28,13.00,0.00
1571,10.1.0.42,10.1.0.106,2,2,0,100.00,5.95,1.50,3.00
1572,10.1.0.42,10.1.0.4,1,1,0,100.00,0.12,2002.00,0.00
1573,10.1.0.90,10.1.0.1,1,1,0,100.00,95.88,4.00,0.00
1574,10.1.0.1,10.1.0.76,1,1,0,100.00,62.53,6.00,0.00
1575,10.1.0.76,10.1.0.42,2,2,0,100.00,98.47,6.50,0.00
1576,10.1.0.165,10.1.0.106,1,1,0,100.00,62.47,6.00,0.00
1577,10.1.0.42,10.1.0.165,1,1,0,100.00,220.12,1.00,0.00
1578,10.1.0.145,10.1.0.37,3,3,0,100.00,0.04,6.33,1.50
1579,10.1.0.35,10.1.0.84,1,1,0,100.00,21.99,17.00,0.00
1580,10.1.0.136,10.1.0.131,12,12,0,100.00,0.58,5.75,4.73
1581,10.1.0.155,10.1.0.131,4,4,0,100.00,0.74,497.25,334.67
1582,10.1.0.7,10.1.0.73,5,5,0,100.00,0.06,17.40,15.75
1583,10.1.0.58,10.1.0.31,1,0,1,0.00,0.00,0.00,0.00
1584,10.1.0.59,10.1.0.31,5,0,5,0.00,0.00,0.00,0.00
1585,10.1.0.47,10.1.0.80,7,0,7,0.00,0.00,0.00,0.00
1586,10.1.0.39,10.1.0.80,7,7,0,100.00,0.12,43.14,38.33
1587,10.1.0.23,10.1.0.80,7,7,0,100.00,0.08,39.43,34.17
1588,10.1.0.46,10.1.0.80,9,7,2,77.78,0.12,86.86,45.00
1589,10.1.0.155,10.1.0.80,5,5,0,100.00,0.09,39.40,21.50
1590,10.1.0.148,10.1.0.39,6,6,0,100.00,0.11,205.33,218.40
1591,10.1.0.15,10.1.0.129,4,3,1,75.00,0.04,2.67,4.00
1592,10.1.0.58,10.1.0.114,5,5,0,100.00,0.92,21.20,44.25
1593,10.1.0.59,10.1.0.114,2,2,0,100.00,0.85,818.00,173.00
1594,10.1.0.79,10.1.0.114,6,6,0,100.00,0.07,323.67,206.00
1595,10.1.0.148,10.1.0.73,9,9,0,100.00,0.10,6.89,6.75
1596,10.1.0.73,10.1.0.148,3,3,0,100.00,0.03,55.67,80.00
1597,10.1.0.155,10.1.0.121,2,2,0,100.00,0.04,525.00,1007.00
1598,10.1.0.114,10.1.0.59,3,3,0,100.00,0.04,10.67,10.50
1599,10.1.0.114,10.1.0.79,2,2,0,100.00,0.01,5.00,9.00
1600,10.1.0.131,10.1.0.148,6,6,0,100.00,0.07,31.00,15.40
1601,10.1.0.148,10.1.0.131,6,4,2,66.67,0.04,366.50,237.33
1602,10.1.0.151,10.1.0.81,3,3,0,100.00,0.08,17.00,20.00
1603,10.1.0.131,10.1.0.12,4,3,1,75.00,1.14,914.33,96.00
1604,10.1.0.43,10.1.0.82,1,1,0,100.00,20.69,18.00,0.00
1605,10.1.0.81,10.1.0.82,1,1,0,100.00,14.48,26.00,0.00
1606,10.1.0.150,10.1.0.43,4,0,4,0.00,0.00,0.00,0.00
1607,10.1.0.135,10.1.0.43,3,0,3,0.00,0.00,0.00,0.00
1608,10.1.0.128,10.1.0.43,2,2,0,100.00,0.05,37.50,73.00
1609,10.1.0.82,10.1.0.43,12,12,0,100.00,21.74,4.58,3.45
1610,10.1.0.73,10.1.0.100,7,7,0,100.00,0.09,17.43,21.17
1611,10.1.0.48,10.1.0.49,1,1,0,100.00,2.85,134.00,0.00
1612,10.1.0.82,10.1.0.47,1,1,0,100.00,0.41,935.00,0.00
1613,10.1.0.43,10.1.0.47,1,0,1,0.00,0.00,0.00,0.00
1614,10.1.0.47,10.1.0.48,1,1,0,100.00,0.38,1001.00,0.00
1615,10.1.0.80,10.1.0.23,5,5,0,100.00,0.08,12.20,14.00
1616,10.1.0.136,10.1.0.23,3,3,0,100.00,0.05,334.33,500.50
1617,10.1.0.131,10.1.0.23,1,1,0,100.00,0.44,867.00,0.00
1618,10.1.0.39,10.1.0.131,2,2,0,100.00,0.02,14.00,13.00
1619,10.1.0.39,10.1.0.136,6,6,0,100.00,0.07,312.50,205.60
1620,10.1.0.39,10.1.0.148,3,3,0,100.00,0.03,583.33,453.00
1621,10.1.0.100,10.1.0.136,4,4,0,100.00,0.09,62.00,48.67
1622,10.1.0.23,10.1.0.136,4,4,0,100.00,0.06,327.00,331.33
1623,10.1.0.39,10.1.0.121,2,1,1,50.00,8.79,27.00,0.00
1624,10.1.0.25,10.1.0.147,1,1,0,100.00,94.03,4.00,0.00
1625,10.1.0.148,10.1.0.66,1,1,0,100.00,34.95,10.00,0.00
1626,10.1.0.66,10.1.0.148,4,4,0,100.00,0.05,8.50,13.00
1627,10.1.0.148,10.1.0.100,4,4,0,100.00,0.05,68.25,42.00
1628,10.1.0.100,10.1.0.148,4,4,0,100.00,0.03,12.75,30.00
1629,10.1.0.44,10.1.0.50,2,2,0,100.00,1.14,17.50,2.00
1630,10.1.0.26,10.1.0.50,2,2,0,100.00,1.13,22.00,3.00
1631,10.1.0.158,10.1.0.50,2,2,0,100.00,1.16,12.50,13.00
1632,10.1.0.34,10.1.0.50,2,0,2,0.00,0.00,0.00,0.00
1633,10.1.0.108,10.1.0.72,2,2,0,100.00,0.76,693.50,624.00
1634,10.1.0.50,10.1.0.44,2,2,0,100.00,0.71,13.00,12.00
1635,10.1.0.50,10.1.0.26,2,2,0,100.00,0.71,10.50,11.00
1636,10.1.0.33,10.1.0.27,2,2,0,100.00,0.38,1739.00,527.00
1637,10.1.0.140,10.1.0.10,2,2,0,100.00,13.23,11.00,2.00
1638,10.1.0.98,10.1.0.108,2,2,0,100.00,0.79,40.50,8.00
1639,10.1.0.72,10.1.0.108,4,4,0,100.00,1.31,14.25,18.33
1640,10.1.0.44,10.1.0.108,2,2,0,100.00,0.81,15.50,23.00
1641,10.1.0.26,10.1.0.108,2,2,0,100.00,0.80,474.00,912.00
1642,10.1.0.140,10.1.0.72,2,1,1,50.00,0.39,435.00,0.00
1643,10.1.0.14,10.1.0.62,2,2,0,100.00,0.76,539.00,928.00
1644,10.1.0.87,10.1.0.72,4,4,0,100.00,2.17,8.00,8.67
1645,10.1.0.158,10.1.0.72,2,2,0,100.00,1.37,29.00,0.00
1646,10.1.0.140,10.1.0.62,2,2,0,100.00,0.67,20.50,6.00
1647,10.1.0.140,10.1.0.113,2,2,0,100.00,0.04,4.50,3.00
1648,10.1.0.34,10.1.0.98,2,2,0,100.00,4.75,70.00,130.00
1649,10.1.0.26,10.1.0.98,2,0,2,0.00,0.00,0.00,0.00
1650,10.1.0.98,10.1.0.34,4,3,1,75.00,2.01,452.33,44.00
1651,10.1.0.102,10.1.0.64,1,1,0,100.00,0.38,1001.00,0.00
1652,10.1.0.50,10.1.0.29,8,6,2,75.00,0.08,44.17,25.40
1653,10.1.0.108,10.1.0.62,3,3,0,100.00,0.08,138.00,204.50
1654,10.1.0.158,10.1.0.98,1,0,1,0.00,0.00,0.00,0.00
1655,10.1.0.29,10.1.0.62,4,4,0,100.00,11.32,29.00,55.67
1656,10.1.0.62,10.1.0.29,2,2,0,100.00,0.05,11.00,15.00
1657,10.1.0.62,10.1.0.87,3,3,0,100.00,2.32,27.67,38.00
1658,10.1.0.72,10.1.0.29,2,2,0,100.00,0.05,238.00,462.00
1659,10.1.0.98,10.1.0.29,1,0,1,0.00,0.00,0.00,0.00
1660,10.1.0.98,10.1.0.62,4,4,0,100.00,3.51,11.00,13.67
1661,10.1.0.110,10.1.0.33,7,4,3,57.14,0.04,748.50,333.67
1662,10.1.0.44,10.1.0.72,1,0,1,0.00,0.00,0.00,0.00
1663,10.1.0.50,10.1.0.72,1,1,0,100.00,9.63,39.00,0.00
1664,10.1.0.38,10.1.0.72,1,1,0,100.00,19.02,20.00,0.00
1665,10.1.0.21,10.1.0.72,1,0,1,0.00,0.00,0.00,0.00
1666,10.1.0.115,10.1.0.72,1,0,1,0.00,0.00,0.00,0.00
1667,10.1.0.33,10.1.0.94,1,1,0,100.00,39.18,9.00,0.00
1668,10.1.0.72,10.1.0.10,1,0,1,0.00,0.00,0.00,0.00
1669,10.1.0.72,10.1.0.158,1,1,0,100.00,14.45,26.00,0.00
1670,10.1.0.72,10.1.0.50,2,2,0,100.00,1.83,15.00,26.00
1671,10.1.0.32,10.1.0.110,1,1,0,100.00,7.92,48.00,0.00
1672,10.1.0.122,10.1.0.110,1,1,0,100.00,8.14,47.00,0.00
1673,10.1.0.161,10.1.0.110,1,1,0,100.00,10.70,35.00,0.00
1674,10.1.0.67,10.1.0.110,1,1,0,100.00,9.05,42.00,0.00
1675,10.1.0.130,10.1.0.110,1,0,1,0.00,0.00,0.00,0.00
1676,10.1.0.29,10.1.0.50,1,1,0,100.00,9.84,24.00,0.00
1677,10.1.0.51,10.1.0.94,1,1,0,100.00,0.38,1001.00,0.00
1678,10.1.0.37,10.1.0.94,1,1,0,100.00,21.23,18.00,0.00
1679,10.1.0.65,10.1.0.94,1,1,0,100.00,37.22,10.00,0.00
1680,10.1.0.145,10.1.0.157,3,3,0,100.00,84.97,6.67,6.00
1681,10.1.0.157,10.1.0.102,1,1,0,100.00,27.99,13.00,0.00
1682,10.1.0.87,10.1.0.10,1,1,0,100.00,18.97,12.00,0.00
1683,10.1.0.157,10.1.0.145,1,1,0,100.00,10.64,36.00,0.00
1684,10.1.0.99,10.1.0.110,2,2,0,100.00,0.05,11.00,15.00
1685,10.1.0.54,10.1.0.145,4,4,0,100.00,0.03,8.00,6.67
1686,10.1.0.62,10.1.0.108,1,1,0,100.00,4.82,49.00,0.00
1687,10.1.0.62,10.1.0.75,3,3,0,100.00,0.07,3.67,6.50
1688,10.1.0.72,10.1.0.62,1,1,0,100.00,42.24,9.00,0.00
1689,10.1.0.87,10.1.0.62,1,1,0,100.00,54.63,7.00,0.00
1690,10.1.0.27,10.1.0.62,1,1,0,100.00,0.38,1001.00,0.00
1691,10.1.0.44,10.1.0.62,1,1,0,100.00,11.74,32.00,0.00
1692,10.1.0.158,10.1.0.62,1,1,0,100.00,11.06,34.00,0.00
1693,10.1.0.38,10.1.0.62,1,0,1,0.00,0.00,0.00,0.00
1694,10.1.0.75,10.1.0.62,1,1,0,100.00,9.13,42.00,0.00
1695,10.1.0.62,10.1.0.44,1,1,0,100.00,0.43,562.00,0.00
1696,10.1.0.62,10.1.0.98,1,1,0,100.00,12.64,18.00,0.00
1697,10.1.0.62,10.1.0.158,1,1,0,100.00,11.08,21.00,0.00
1698,10.1.0.48,10.1.0.43,1,1,0,100.00,195.89,1.00,0.00
1699,10.1.0.134,10.1.0.100,1,1,0,100.00,14.90,25.00,0.00
1700,10.1.0.155,10.1.0.100,1,1,0,100.00,0.38,1001.00,0.00
1701,10.1.0.39,10.1.0.100,1,1,0,100.00,1.64,233.00,0.00
1702,10.1.0.74,10.1.0.73,2,2,0,100.00,9.48,36.50,65.00
1703,10.1.0.18,10.1.0.73,2,2,0,100.00,0.77,963.50,76.00
1704,10.1.0.18,10.1.0.100,1,1,0,100.00,2.29,167.00,0.00
1705,10.1.0.100,10.1.0.134,1,1,0,100.00,2.25,170.00,0.00
1706,10.1.0.134,10.1.0.136,1,0,1,0.00,0.00,0.00,0.00
1707,10.1.0.61,10.1.0.134,1,1,0,100.00,12.86,29.00,0.00
1708,10.1.0.73,10.1.0.74,1,1,0,100.00,67.24,3.00,0.00
1709,10.1.0.15,10.1.0.131,1,1,0,100.00,0.38,1002.00,0.00
1710,10.1.0.61,10.1.0.148,1,0,1,0.00,0.00,0.00,0.00
1711,10.1.0.100,10.1.0.39,1,1,0,100.00,3.74,102.00,0.00
1712,10.1.0.73,10.1.0.18,1,1,0,100.00,43.11,5.00,0.00
1713,10.1.0.131,10.1.0.15,1,1,0,100.00,140.06,2.00,0.00
1714,10.1.0.154,10.1.0.14,1,1,0,100.00,29.70,12.00,0.00
1715,10.1.0.154,10.1.0.29,1,0,1,0.00,0.00,0.00,0.00
1716,10.1.0.62,10.1.0.14,1,0,1,0.00,0.00,0.00,0.00
1717,10.1.0.113,10.1.0.14,2,2,0,100.00,80.17,8.50,0.00
1718,10.1.0.164,10.1.0.36,1,1,0,100.00,0.38,1017.00,0.00
1719,10.1.0.123,10.1.0.36,1,1,0,100.00,73.46,5.00,0.00
1720,10.1.0.123,10.1.0.164,9,9,0,100.00,3.38,0.78,1.12
1721,10.1.0.36,10.1.0.123,4,2,2,50.00,0.61,881.50,265.00
1722,10.1.0.123,10.1.0.105,1,1,0,100.00,0.52,736.00,0.00
1723,10.1.0.164,10.1.0.105,1,1,0,100.00,0.51,750.00,0.00
1724,10.1.0.36,10.1.0.141,3,3,0,100.00,0.07,448.00,375.50
1725,10.1.0.164,10.1.0.20,2,0,2,0.00,0.00,0.00,0.00
1726,10.1.0.123,10.1.0.20,2,2,0,100.00,27.56,8.00,5.00
1727,10.1.0.36,10.1.0.28,1,1,0,100.00,85.72,4.00,0.00
1728,10.1.0.28,10.1.0.20,1,1,0,100.00,62.94,6.00,0.00
1729,10.1.0.20,10.1.0.123,5,5,0,100.00,12.52,8.00,6.75
1730,10.1.0.164,10.1.0.123,3,3,0,100.00,1.69,629.00,56.50
1731,10.1.0.20,10.1.0.70,2,2,0,100.00,39.29,5.50,9.00
1732,10.1.0.164,10.1.0.70,2,2,0,100.00,37.64,7.00,10.00
1733,10.1.0.123,10.1.0.70,2,2,0,100.00,35.81,9.50,13.00
1734,10.1.0.28,10.1.0.70,1,1,0,100.00,42.76,8.00,0.00
1735,10.1.0.28,10.1.0.36,3,1,2,33.33,0.40,968.00,0.00
1736,10.1.0.70,10.1.0.123,2,1,1,50.00,3.71,23.00,0.00
1737,10.1.0.70,10.1.0.20,1,1,0,100.00,40.94,5.00,0.00
1738,10.1.0.70,10.1.0.164,2,2,0,100.00,10.37,0.00,0.00
1739,10.1.0.123,10.1.0.19,1,0,1,0.00,0.00,0.00,0.00
1740,10.1.0.164,10.1.0.19,1,1,0,100.00,26.91,14.00,0.00
1741,10.1.0.28,10.1.0.19,1,1,0,100.00,0.43,895.00,0.00
1742,10.1.0.20,10.1.0.19,1,1,0,100.00,24.63,15.00,0.00
1743,10.1.0.28,10.1.0.141,1,1,0,100.00,24.46,15.00,0.00
1744,10.1.0.123,10.1.0.141,2,2,0,100.00,26.62,10.00,6.00
1745,10.1.0.164,10.1.0.141,2,2,0,100.00,27.26,12.00,12.00
1746,10.1.0.70,10.1.0.141,3,3,0,100.00,0.07,10.33,12.50
1747,10.1.0.141,10.1.0.123,1,0,1,0.00,0.00,0.00,0.00
1748,10.1.0.141,10.1.0.70,2,2,0,100.00,16.69,16.50,23.00
1749,10.1.0.141,10.1.0.19,2,2,0,100.00,1.32,9.50,18.00
1750,10.1.0.20,10.1.0.141,1,1,0,100.00,22.68,16.00,0.00
1751,10.1.0.141,10.1.0.164,1,1,0,100.00,48.42,4.00,0.00
1752,10.1.0.141,10.1.0.20,1,1,0,100.00,30.68,7.00,0.00
1753,10.1.0.105,10.1.0.123,1,1,0,100.00,0.24,1001.00,0.00
1754,10.1.0.141,10.1.0.105,1,1,0,100.00,121.15,3.00,0.00
1755,10.1.0.32,10.1.0.16,1,1,0,100.00,0.24,1001.00,0.00
1756,10.1.0.36,10.1.0.164,1,1,0,100.00,257.38,1.00,0.00
1757,10.1.0.36,10.1.0.78,1,1,0,100.00,0.38,1003.00,0.00
1758,10.1.0.36,10.1.0.160,1,1,0,100.00,0.38,1004.00,0.00
1759,10.1.0.78,10.1.0.36,1,1,0,100.00,31.06,7.00,0.00
1760,10.1.0.74,10.1.0.148,1,1,0,100.00,8.18,46.00,0.00
1761,10.1.0.18,10.1.0.148,1,1,0,100.00,0.38,1002.00,0.00
1762,10.1.0.18,10.1.0.61,1,1,0,100.00,10.84,35.00,0.00
1763,10.1.0.22,10.1.0.77,1,0,1,0.00,0.00,0.00,0.00
1764,10.1.0.142,10.1.0.77,1,0,1,0.00,0.00,0.00,0.00
1765,10.1.0.142,10.1.0.152,1,1,0,100.00,130.88,2.00,0.00
1766,10.1.0.134,10.1.0.148,1,1,0,100.00,158.32,2.00,0.00
1767,10.1.0.25,10.1.0.45,1,1,0,100.00,21.39,17.00,0.00
1768,10.1.0.150,10.1.0.45,1,0,1,0.00,0.00,0.00,0.00
1769,10.1.0.139,10.1.0.45,1,0,1,0.00,0.00,0.00,0.00
1770,10.1.0.135,10.1.0.45,1,0,1,0.00,0.00,0.00,0.00
1771,10.1.0.45,10.1.0.25,1,1,0,100.00,32.36,7.00,0.00
1772,10.1.0.103,10.1.0.45,1,1,0,100.00,17.58,13.00,0.00
1773,10.1.0.103,10.1.0.150,1,1,0,100.00,36.21,6.00,0.00
1774,10.1.0.103,10.1.0.139,1,1,0,100.00,33.48,7.00,0.00
1775,10.1.0.119,10.1.0.109,1,1,0,100.00,39.69,6.00,0.00
1776,10.1.0.119,10.1.0.84,1,1,0,100.00,102.89,2.00,0.00
1777,10.1.0.67,10.1.0.78,1,1,0,100.00,19.50,19.00,0.00
1778,10.1.0.130,10.1.0.78,1,1,0,100.00,0.43,893.00,0.00
